File Name,default,TreeCutLevel1,RootCutLevel1,RoundingHeurLevel1,StrongBranching1,SubmipHeurLevel1,DivingHeurLevel1
c101.100.10,11.79,12.77,9.12,12.0,12.06,13.37,11.88
c101.100.15,38.19,37.41,23.36,38.83,39.09,27.06,39.72
c101.100.20,40.49,44.86,31.96,40.55,41.13,45.26,40.23
c101.100.25,82.08,72.24,58.1,86.29,84.04,83.57,84.4
c101.25.3,0.3,0.34,0.28,0.28,0.28,0.31,0.26
c101.25.5,0.64,0.62,0.5,0.63,0.63,0.61,0.63
c101.30.10,1.14,1.17,0.93,1.17,1.12,1.09,1.18
c101.30.15,0.9,1.01,0.94,0.98,0.92,1.61,0.94
c101.30.20,1.18,1.14,1.2,1.16,1.15,1.33,1.16
c101.30.25,1.88,1.94,1.87,1.9,1.9,1.99,1.9
c101.30.3,0.24,0.25,0.24,0.22,0.23,0.27,0.24
c101.30.5,1.1,0.98,0.95,1.09,1.08,0.72,1.08
c101.40.3,0.39,0.41,0.41,0.42,0.37,0.41,0.39
c101.40.5,1.32,1.3,1.13,1.33,1.34,0.97,1.37
c101.50.10,2.43,2.49,1.75,2.42,2.34,2.64,2.41
c101.50.15,1.39,1.41,1.42,1.32,1.45,3.42,1.38
c101.50.20,2.82,2.82,2.76,2.8,3.03,5.1,2.98
c101.50.25,3.63,3.8,3.86,3.91,4.02,5.31,3.93
c101.75.10,10.94,10.68,7.89,11.13,11.16,6.86,11.03
c101.75.15,16.02,15.47,7.54,16.69,16.01,12.24,16.31
c101.75.20,16.45,17.42,12.59,16.57,16.65,10.98,16.58
c101.75.25,20.02,20.2,19.76,20.37,19.84,19.39,19.72
c102.100.10,300.08,300.04,300.03,300.05,300.08,300.04,300.12
c102.100.15,300.08,300.06,300.04,300.05,300.13,300.05,300.04
c102.100.20,300.11,300.09,300.05,300.08,300.07,300.07,300.11
c102.100.25,300.08,300.09,300.09,300.09,300.04,300.16,300.15
c102.25.3,2.95,1.91,3.02,2.96,3.0,2.97,3.01
c102.25.5,3.82,2.55,20.16,3.81,3.8,3.32,4.22
c102.30.10,6.15,6.54,4.01,6.13,6.1,4.42,6.19
c102.30.15,4.72,6.46,4.29,4.73,4.69,5.32,4.82
c102.30.20,5.01,6.37,6.76,5.21,5.14,6.45,5.15
c102.30.25,3.93,4.05,3.88,4.12,3.98,3.88,4.0
c102.30.3,12.11,6.49,6.21,12.09,12.03,3.64,12.46
c102.30.5,13.07,5.83,9.72,13.02,13.1,5.39,12.79
c102.40.3,0.57,0.62,0.63,0.58,0.6,0.57,0.55
c102.40.5,39.73,132.01,146.01,40.21,33.4,148.08,25.51
c102.50.10,59.4,64.6,59.27,59.83,61.09,23.47,66.83
c102.50.15,68.75,37.86,85.74,67.16,69.09,25.37,31.56
c102.50.20,57.08,34.05,230.76,56.94,83.37,41.95,40.42
c102.50.25,23.58,30.62,24.55,23.71,24.11,18.24,23.52
c102.75.10,300.05,300.09,300.05,300.05,300.01,300.03,300.07
c102.75.15,300.04,300.11,300.04,300.06,300.03,300.08,300.05
c102.75.20,300.07,300.05,300.05,300.06,300.15,300.14,300.12
c102.75.25,300.11,300.1,300.07,300.06,300.86,300.11,300.08
c103.100.10,300.01,300.01,300.06,300.01,300.03,300.01,300.01
c103.100.15,300.29,301.01,300.31,300.34,300.25,300.12,300.32
c103.100.20,300.01,300.05,300.17,300.03,300.03,300.12,300.03
c103.100.25,300.18,300.03,300.09,300.17,300.11,300.17,300.21
c103.25.3,20.69,33.8,88.31,20.98,26.41,67.18,22.53
c103.25.5,41.13,31.02,281.08,42.36,77.93,36.51,46.92
c103.30.10,13.08,6.25,72.95,13.36,13.9,6.27,15.04
c103.30.15,32.68,22.68,29.96,32.87,33.13,67.74,56.17
c103.30.20,35.64,21.59,21.56,36.17,31.99,27.62,37.23
c103.30.25,10.63,8.44,6.65,10.57,11.44,9.59,10.88
c103.30.3,61.62,100.98,215.02,60.42,73.53,241.44,68.6
c103.30.5,300.01,300.01,300.0,300.02,300.01,166.2,300.01
c103.40.3,0.37,0.36,0.36,0.36,0.36,0.33,0.34
c103.40.5,300.02,300.01,300.01,300.04,300.02,300.02,300.02
c103.50.10,300.05,300.02,300.02,300.03,300.02,300.01,300.01
c103.50.15,300.02,300.04,300.04,300.06,300.02,300.07,300.02
c103.50.20,300.05,300.02,300.05,300.05,300.04,300.03,300.05
c103.50.25,300.08,300.04,300.01,300.03,300.04,300.11,300.03
c103.75.10,300.01,300.0,300.01,300.01,300.01,300.04,300.01
c103.75.15,300.01,300.01,300.03,300.09,300.01,300.1,300.06
c103.75.20,300.16,300.08,300.1,300.12,300.14,300.11,300.13
c103.75.25,300.12,300.11,300.15,300.14,300.14,300.12,300.1
c104.100.10,300.02,300.01,300.07,300.03,300.04,300.13,300.03
c104.100.15,300.1,300.0,300.16,300.1,300.06,300.16,300.12
c104.100.20,300.17,300.03,300.1,300.11,300.14,300.14,300.11
c104.100.25,300.24,300.11,300.22,300.2,300.14,300.2,300.23
c104.25.3,300.01,300.0,300.0,300.0,300.01,300.01,300.0
c104.25.5,179.38,300.0,300.01,177.78,300.0,140.74,207.14
c104.30.10,34.02,10.87,300.01,33.29,29.89,38.83,15.02
c104.30.15,15.49,32.79,300.03,15.45,15.48,56.15,14.6
c104.30.20,137.01,69.14,28.11,136.65,127.7,133.66,86.92
c104.30.25,5.1,4.67,4.08,5.19,5.15,4.97,4.98
c104.30.3,300.0,300.01,300.01,300.01,300.01,300.01,300.01
c104.30.5,300.0,300.0,300.01,300.01,300.01,300.01,300.01
c104.40.3,0.42,0.38,0.43,0.42,0.4,0.43,0.46
c104.40.5,300.01,300.01,300.01,300.01,300.01,300.02,300.01
c104.50.10,300.02,300.02,300.03,300.02,300.02,300.04,300.05
c104.50.15,300.06,300.03,300.04,300.05,300.04,300.07,300.06
c104.50.20,300.04,300.08,300.06,300.07,300.04,300.07,300.04
c104.50.25,300.12,300.06,300.08,300.1,300.13,300.09,300.09
c104.75.10,300.02,300.04,300.07,300.08,300.08,300.01,300.07
c104.75.15,300.12,300.09,300.05,300.16,300.11,300.01,300.14
c104.75.20,300.2,300.2,300.07,300.24,300.19,300.15,300.19
c104.75.25,300.13,300.11,300.13,300.13,300.07,300.14,300.11
c105.100.10,60.23,66.63,38.97,60.32,62.3,53.43,60.11
c105.100.15,69.36,67.52,41.67,68.88,69.98,68.02,69.69
c105.100.20,300.08,70.51,49.91,300.09,306.06,79.72,300.07
c105.100.25,96.45,90.83,61.33,97.11,94.65,94.21,96.71
c105.25.3,0.29,0.34,0.21,0.27,0.26,0.28,0.29
c105.25.5,0.37,0.38,0.37,0.36,0.39,0.51,0.39
c105.30.10,1.16,1.35,0.9,1.16,1.17,1.17,1.16
c105.30.15,1.04,1.03,1.04,1.05,1.06,1.82,1.07
c105.30.20,1.32,1.37,1.33,1.32,1.27,2.25,1.35
c105.30.25,2.08,2.1,2.17,2.13,2.11,2.43,2.24
c105.30.3,0.62,0.51,0.43,0.6,0.62,0.42,0.58
c105.30.5,0.77,0.8,0.67,0.78,0.8,0.59,0.78
c105.40.3,0.21,0.28,0.28,0.3,0.27,0.27,0.25
c105.40.5,2.0,1.66,1.34,1.98,1.99,1.44,2.03
c105.50.10,5.99,5.85,5.1,6.03,6.0,3.81,6.14
c105.50.15,5.34,5.51,5.69,5.67,5.45,7.01,5.6
c105.50.20,4.62,4.71,4.86,4.96,4.81,6.4,4.81
c105.50.25,5.99,6.1,4.99,6.05,6.08,1.89,6.22
c105.75.10,19.6,21.01,11.19,19.18,19.08,11.45,19.66
c105.75.15,15.55,22.57,13.25,15.53,15.65,17.59,16.24
c105.75.20,18.42,22.5,11.81,19.3,18.86,16.8,18.29
c105.75.25,33.57,30.43,26.04,34.72,34.06,31.5,34.29
c106.100.10,300.04,300.04,300.02,300.06,300.03,300.02,300.04
c106.100.15,300.15,300.08,300.09,300.07,300.09,300.09,300.12
c106.100.20,300.22,300.06,300.1,300.09,300.11,300.07,300.23
c106.100.25,300.18,300.17,300.13,300.42,300.2,300.1,300.19
c106.25.3,0.27,0.26,0.27,0.27,0.28,0.27,0.23
c106.25.5,0.47,0.63,0.61,0.5,0.48,0.48,0.49
c106.30.10,0.96,1.14,0.95,0.95,0.92,1.1,0.94
c106.30.15,1.08,1.11,1.1,1.07,1.14,1.55,1.11
c106.30.20,1.22,1.22,1.17,1.2,1.13,1.63,1.12
c106.30.25,1.24,1.27,1.29,1.28,1.3,1.47,1.29
c106.30.3,0.22,0.19,0.22,0.24,0.23,0.27,0.23
c106.30.5,1.02,0.98,0.85,1.03,1.03,1.08,1.02
c106.40.3,0.31,0.33,0.32,0.3,0.34,0.31,0.32
c106.40.5,1.67,1.52,1.09,1.61,1.66,1.04,1.68
c106.50.10,4.25,4.08,3.73,4.2,4.29,3.48,4.25
c106.50.15,5.43,5.53,4.43,5.53,5.48,5.9,5.45
c106.50.20,9.0,9.17,9.51,9.26,8.88,6.52,8.77
c106.50.25,6.32,6.4,4.24,6.16,6.18,5.16,6.24
c106.75.10,300.04,300.02,46.29,300.02,300.03,267.33,300.03
c106.75.15,300.12,300.03,300.06,300.05,300.06,300.05,300.04
c106.75.20,86.49,300.08,212.7,86.38,85.63,112.12,84.05
c106.75.25,300.09,300.07,300.08,300.07,300.1,300.08,300.13
c107.100.10,45.13,65.88,32.46,45.73,45.41,45.9,45.38
c107.100.15,65.43,62.75,46.26,66.2,65.13,56.27,65.67
c107.100.20,69.02,67.12,57.83,69.98,69.98,97.77,67.18
c107.100.25,80.71,74.35,63.39,79.72,81.32,78.76,80.21
c107.25.3,0.39,0.39,0.26,0.41,0.4,0.26,0.38
c107.25.5,0.55,0.52,0.48,0.57,0.53,0.44,0.55
c107.30.10,1.15,1.18,1.15,1.12,1.15,1.57,1.13
c107.30.15,1.16,1.15,1.12,1.15,1.13,1.41,1.14
c107.30.20,1.29,1.28,1.31,1.29,1.25,2.06,1.32
c107.30.25,2.19,2.25,2.29,2.22,2.24,2.26,2.28
c107.30.3,0.61,0.64,0.65,0.66,0.65,0.41,0.64
c107.30.5,1.07,1.08,1.15,1.09,1.02,0.53,1.08
c107.40.3,0.27,0.29,0.31,0.29,0.27,0.3,0.28
c107.40.5,1.67,1.6,1.61,1.74,1.65,1.18,1.68
c107.50.10,3.64,3.6,2.92,3.63,3.68,3.21,3.73
c107.50.15,5.25,5.62,4.45,5.13,5.16,6.01,5.33
c107.50.20,4.79,4.62,3.76,4.67,4.94,3.45,4.65
c107.50.25,5.16,5.15,4.12,5.1,5.23,4.66,5.09
c107.75.10,15.1,16.42,11.63,15.36,15.13,12.56,15.41
c107.75.15,20.2,24.93,21.32,20.34,20.41,14.45,20.92
c107.75.20,22.89,20.87,14.67,23.1,22.99,18.49,23.03
c107.75.25,21.57,24.91,14.29,21.74,21.18,24.7,21.1
c108.100.10,300.35,300.37,300.03,300.34,300.36,300.02,300.01
c108.100.15,300.03,300.01,300.08,300.01,300.02,300.03,300.02
c108.100.20,300.14,300.1,300.13,300.08,300.13,300.13,300.05
c108.100.25,300.13,300.12,300.1,300.18,300.23,300.17,300.22
c108.25.3,1.35,1.28,2.42,1.38,1.41,1.41,1.35
c108.25.5,3.18,3.36,3.38,3.3,3.23,4.49,3.32
c108.30.10,41.95,5.28,4.1,41.42,42.38,5.69,46.13
c108.30.15,8.26,5.26,19.89,8.3,8.33,16.33,8.4
c108.30.20,10.07,8.85,8.2,10.42,10.07,13.63,8.46
c108.30.25,4.49,5.01,3.56,4.93,4.7,4.65,5.04
c108.30.3,1.37,2.3,1.25,1.37,1.38,1.2,1.44
c108.30.5,3.7,3.34,18.17,3.53,3.52,2.21,3.59
c108.40.3,0.35,0.36,0.37,0.34,0.34,0.34,0.36
c108.40.5,70.59,49.12,56.3,69.58,66.23,78.17,45.13
c108.50.10,70.9,99.65,168.63,70.11,98.2,37.22,70.15
c108.50.15,103.22,147.91,300.03,103.08,121.06,179.32,107.21
c108.50.20,158.38,300.03,300.05,156.6,300.03,190.2,152.68
c108.50.25,47.3,84.1,49.46,47.04,47.93,300.06,57.28
c108.75.10,300.04,300.01,300.01,300.02,300.06,300.05,300.02
c108.75.15,300.01,300.01,300.07,300.01,300.0,300.03,300.01
c108.75.20,300.07,300.03,300.05,300.06,300.15,300.11,300.1
c108.75.25,300.1,300.09,300.13,300.12,300.1,300.08,300.09
c109.100.10,300.02,300.01,300.05,300.02,300.01,300.02,300.02
c109.100.15,300.07,300.07,300.06,300.05,300.08,300.04,300.11
c109.100.20,300.05,300.09,300.11,300.11,300.09,300.08,300.14
c109.100.25,300.17,300.24,300.11,300.12,300.11,300.2,300.15
c109.25.3,9.23,10.79,20.43,9.52,8.87,21.84,6.37
c109.25.5,268.71,40.0,200.72,265.65,300.0,61.76,278.04
c109.30.10,55.58,27.11,300.01,55.64,300.01,107.96,233.84
c109.30.15,300.02,112.25,300.02,300.01,300.02,267.5,300.01
c109.30.20,142.96,300.02,300.02,140.94,142.9,58.83,300.02
c109.30.25,5.63,6.65,4.56,5.72,5.7,5.64,5.73
c109.30.3,54.35,21.65,66.12,53.89,36.01,65.87,28.94
c109.30.5,77.96,237.07,199.12,79.65,59.99,209.13,71.77
c109.40.3,0.29,0.32,0.3,0.3,0.29,0.33,0.32
c109.40.5,300.01,300.01,300.01,300.01,300.01,300.01,300.03
c109.50.10,300.02,300.01,300.02,300.04,300.03,300.03,300.04
c109.50.15,300.01,300.01,300.06,300.04,300.03,300.03,300.04
c109.50.20,300.04,300.01,300.06,300.06,300.05,300.04,300.03
c109.50.25,300.09,300.06,300.05,300.03,300.02,300.04,300.04
c109.75.10,300.01,300.03,300.03,300.03,300.04,300.01,300.04
c109.75.15,300.08,300.06,300.07,300.15,300.12,300.08,300.09
c109.75.20,300.08,300.08,300.08,300.05,300.05,300.05,300.06
c109.75.25,300.14,300.17,300.1,300.07,300.1,300.06,300.12
c201.100.10,300.17,300.12,300.03,300.05,300.08,300.04,300.05
c201.100.15,300.35,300.08,300.09,300.12,300.21,300.15,300.35
c201.100.20,300.15,300.08,300.06,300.11,300.21,300.12,300.24
c201.100.25,300.15,300.14,300.15,300.16,300.28,300.16,300.18
c201.25.3,0.38,0.37,0.37,0.38,0.37,0.81,0.37
c201.25.5,0.44,0.45,0.4,0.44,0.45,0.43,0.45
c201.30.10,1.23,1.25,0.87,1.22,1.22,1.24,1.3
c201.30.15,2.24,2.21,1.67,2.22,2.26,2.11,2.36
c201.30.20,1.91,1.89,1.41,2.02,1.99,1.94,1.97
c201.30.25,0.99,1.1,1.09,1.11,1.06,1.14,1.11
c201.30.3,0.67,0.72,0.59,0.66,0.65,0.39,0.64
c201.30.5,0.81,0.84,0.8,0.82,0.8,0.83,0.8
c201.40.3,0.31,0.28,0.3,0.32,0.32,0.32,0.3
c201.40.5,7.21,3.23,8.03,7.03,7.11,7.52,6.46
c201.50.10,13.35,11.92,10.39,13.37,13.37,13.35,12.48
c201.50.15,245.92,177.09,145.2,244.79,283.25,270.49,300.02
c201.50.20,147.07,110.65,119.23,144.63,155.56,213.16,170.58
c201.50.25,65.08,48.46,75.4,65.11,56.68,71.24,62.88
c201.75.10,300.03,300.04,300.03,300.04,300.04,300.08,300.02
c201.75.15,300.03,300.06,300.03,300.07,300.03,300.04,300.06
c201.75.20,300.04,300.07,300.05,300.13,300.07,300.05,300.17
c201.75.25,300.05,300.1,300.07,300.11,300.06,300.07,300.06
c202.100.10,300.13,300.12,300.1,300.08,300.04,300.07,300.09
c202.100.15,300.1,300.1,300.13,300.11,300.2,300.07,300.09
c202.100.20,300.12,300.17,300.09,300.14,300.13,300.14,300.21
c202.100.25,300.14,300.15,300.18,300.15,300.32,300.16,300.14
c202.25.3,28.7,12.91,67.17,28.96,34.14,21.38,21.39
c202.25.5,27.92,7.53,300.0,28.21,33.22,23.67,33.39
c202.30.10,22.19,18.79,29.35,22.42,22.71,4.74,23.22
c202.30.15,25.29,11.98,60.36,24.87,32.18,27.62,18.0
c202.30.20,9.73,12.0,11.06,9.92,9.87,10.16,12.5
c202.30.25,5.14,5.14,5.16,5.29,5.11,6.41,5.2
c202.30.3,13.51,8.44,11.58,13.17,13.61,19.8,11.31
c202.30.5,17.99,9.07,36.33,17.87,17.94,50.4,16.95
c202.40.3,0.49,0.5,0.45,0.5,0.49,0.48,0.53
c202.40.5,300.01,300.01,300.01,300.01,300.02,300.02,300.01
c202.50.10,300.02,300.02,300.07,300.02,300.02,300.05,300.03
c202.50.15,300.03,300.05,300.03,300.03,300.05,300.05,300.02
c202.50.20,300.04,300.05,300.04,300.04,300.04,300.03,300.06
c202.50.25,300.02,300.05,300.06,300.03,300.05,300.02,300.04
c202.75.10,300.1,300.04,300.03,300.02,300.04,300.05,300.03
c202.75.15,300.03,300.06,300.06,300.05,300.08,300.09,300.09
c202.75.20,300.11,300.08,300.08,300.14,300.08,300.1,300.08
c202.75.25,300.09,300.11,300.06,300.13,300.09,300.1,300.09
c203.100.10,300.06,300.09,300.12,300.03,300.06,300.03,300.06
c203.100.15,300.19,300.08,300.54,300.3,300.14,300.11,300.11
c203.100.20,300.16,300.2,300.13,300.08,300.17,300.15,300.16
c203.100.25,300.14,300.62,300.18,300.16,300.22,300.21,300.18
c203.25.3,300.01,300.0,300.01,300.0,300.0,300.0,300.0
c203.25.5,300.0,300.01,300.01,300.01,300.01,300.04,300.01
c203.30.10,300.03,300.01,300.03,300.01,300.01,300.01,300.02
c203.30.15,300.01,300.01,300.01,300.01,300.02,300.01,300.03
c203.30.20,300.01,201.47,300.02,300.02,300.01,300.01,300.02
c203.30.25,8.56,6.67,5.97,8.67,8.76,7.2,8.35
c203.30.3,300.01,300.0,300.01,300.01,300.01,300.01,300.0
c203.30.5,300.01,300.0,300.01,300.01,300.01,300.01,300.02
c203.40.3,0.35,0.42,0.45,0.4,0.42,0.37,0.35
c203.40.5,300.01,300.01,300.01,300.01,300.03,300.03,300.03
c203.50.10,300.03,300.03,300.03,300.03,300.03,300.05,300.03
c203.50.15,300.02,300.03,300.01,300.04,300.03,300.05,300.04
c203.50.20,300.06,300.03,300.04,300.06,300.08,300.05,300.06
c203.50.25,300.05,300.08,300.12,300.06,300.1,300.08,300.07
c203.75.10,300.06,300.06,300.05,300.1,300.04,300.08,300.09
c203.75.15,300.12,300.07,300.1,300.06,300.06,300.33,300.09
c203.75.20,300.1,300.1,300.09,300.11,300.05,300.09,300.12
c203.75.25,300.11,300.12,300.06,300.06,300.11,300.13,300.12
c204.100.10,300.08,300.05,300.11,300.03,300.07,300.08,300.07
c204.100.15,300.07,300.19,300.08,300.07,300.06,300.19,300.13
c204.100.20,300.18,300.23,300.19,300.13,300.2,300.2,300.1
c204.100.25,300.24,300.27,300.22,300.25,300.22,300.19,300.14
c204.25.3,300.0,300.0,300.02,300.0,300.01,300.0,300.0
c204.25.5,300.02,300.0,300.01,300.01,300.0,300.0,300.0
c204.30.10,300.01,300.05,300.02,300.03,300.02,300.01,300.01
c204.30.15,300.01,300.02,300.02,300.0,300.02,300.01,300.01
c204.30.20,300.02,300.02,300.02,300.01,300.02,300.01,300.01
c204.30.25,4.33,3.9,3.78,4.42,4.34,4.19,4.55
c204.30.3,300.0,300.01,300.0,300.0,300.0,300.02,300.01
c204.30.5,300.01,300.01,300.01,300.0,300.02,300.02,300.01
c204.40.3,0.39,0.41,0.4,0.4,0.42,0.35,0.38
c204.40.5,300.01,300.01,300.02,300.03,300.01,300.03,300.02
c204.50.10,300.04,300.03,300.03,300.04,300.09,300.03,300.03
c204.50.15,300.02,300.03,300.04,300.07,300.05,300.03,300.07
c204.50.20,300.07,300.05,300.05,300.03,300.08,300.07,300.07
c204.50.25,300.06,300.07,300.06,300.05,300.06,300.05,300.1
c204.75.10,300.08,300.06,300.05,300.11,300.08,300.16,300.05
c204.75.15,300.09,300.04,300.07,300.07,300.09,300.06,300.14
c204.75.20,300.09,300.11,300.1,300.14,300.07,300.23,300.11
c204.75.25,300.12,300.05,300.13,300.15,300.14,300.13,300.1
c205.100.10,300.03,300.04,300.05,300.02,300.03,300.07,300.01
c205.100.15,300.18,300.08,300.09,300.12,300.11,300.18,300.13
c205.100.20,300.07,300.12,300.12,300.12,300.09,300.11,300.13
c205.100.25,300.14,300.19,300.1,300.09,300.16,300.13,300.12
c205.25.3,27.94,5.27,15.7,27.59,19.25,18.04,24.08
c205.25.5,79.41,16.27,33.53,78.53,91.25,55.37,112.65
c205.30.10,186.28,28.97,300.01,185.86,160.56,115.26,300.01
c205.30.15,300.01,127.82,221.62,300.01,158.81,300.01,162.44
c205.30.20,300.01,34.22,300.01,300.01,54.56,19.69,18.82
c205.30.25,2.8,2.93,2.69,2.82,2.81,2.45,2.8
c205.30.3,24.79,20.49,72.09,24.03,23.48,48.62,22.34
c205.30.5,20.44,55.56,300.0,20.03,47.81,38.83,32.96
c205.40.3,0.19,0.21,0.18,0.19,0.18,0.18,0.22
c205.40.5,300.01,300.0,300.02,300.01,300.01,300.01,300.01
c205.50.10,300.02,300.01,300.02,300.04,300.03,300.02,300.02
c205.50.15,300.04,300.03,300.04,300.04,300.02,300.04,300.02
c205.50.20,300.02,300.05,300.08,300.02,300.04,300.04,300.03
c205.50.25,300.03,300.05,300.05,300.04,300.03,300.06,300.06
c205.75.10,300.02,300.01,300.04,300.04,300.05,300.07,300.02
c205.75.15,300.06,300.05,300.05,300.09,300.1,300.05,300.04
c205.75.20,300.03,300.05,300.03,300.04,300.05,300.09,300.04
c205.75.25,300.1,300.09,300.11,300.1,300.12,300.12,300.08
c206.100.10,300.07,300.01,300.04,300.06,300.05,300.06,300.08
c206.100.15,300.08,300.08,300.07,300.06,300.06,300.08,300.08
c206.100.20,300.08,300.12,300.12,300.09,300.08,300.28,300.14
c206.100.25,300.11,300.14,300.15,300.17,300.17,300.17,300.16
c206.25.3,18.99,11.61,37.1,18.96,19.58,31.04,64.78
c206.25.5,57.42,73.29,44.87,56.33,80.6,55.08,86.64
c206.30.10,224.61,47.65,300.01,221.58,300.01,300.02,300.02
c206.30.15,300.01,300.01,300.01,300.02,300.02,300.01,300.03
c206.30.20,300.02,300.01,300.01,300.02,300.03,300.01,300.01
c206.30.25,2.46,2.56,2.4,2.39,2.52,3.24,2.47
c206.30.3,89.16,31.43,300.0,102.16,160.63,113.54,100.69
c206.30.5,300.02,300.0,300.01,300.01,300.0,218.04,300.03
c206.40.3,0.26,0.27,0.27,0.25,0.24,0.25,0.26
c206.40.5,300.01,300.01,300.02,300.01,300.01,300.01,300.01
c206.50.10,300.03,300.01,300.04,300.01,300.05,300.02,300.03
c206.50.15,300.03,300.04,300.03,300.02,300.04,300.03,300.03
c206.50.20,300.02,300.02,300.05,300.04,300.04,300.05,300.04
c206.50.25,300.06,300.04,300.04,300.06,300.05,300.06,300.06
c206.75.10,300.04,300.01,300.07,300.05,300.03,300.05,300.03
c206.75.15,300.07,300.02,300.05,300.07,300.04,300.09,300.05
c206.75.20,300.08,300.06,300.06,300.1,300.08,300.1,300.08
c206.75.25,300.08,300.06,300.08,300.06,300.08,300.09,300.07
c207.100.10,300.08,300.06,300.02,300.09,300.11,300.08,300.08
c207.100.15,300.07,300.11,300.08,300.08,300.15,300.1,300.15
c207.100.20,300.13,300.13,300.08,300.14,300.1,300.1,300.13
c207.100.25,300.13,300.14,300.15,300.17,300.18,300.14,300.1
c207.25.3,300.0,263.04,300.0,300.01,272.14,300.01,300.0
c207.25.5,300.0,300.01,300.0,300.01,300.01,300.0,300.0
c207.30.10,300.01,300.01,300.0,300.01,300.01,300.01,300.01
c207.30.15,300.01,300.01,300.02,300.01,300.01,300.01,300.0
c207.30.20,300.01,300.01,300.01,300.02,300.02,300.01,300.01
c207.30.25,6.34,6.74,5.46,6.39,6.48,6.14,6.12
c207.30.3,300.01,300.0,300.01,300.0,300.0,300.0,300.01
c207.30.5,300.0,300.0,300.0,300.01,300.01,300.0,300.01
c207.40.3,0.36,0.36,0.36,0.36,0.37,0.38,0.32
c207.40.5,300.01,300.01,300.01,300.01,300.01,300.01,300.02
c207.50.10,300.05,300.04,300.02,300.02,300.02,300.03,300.04
c207.50.15,300.03,300.02,300.05,300.03,300.04,300.04,300.02
c207.50.20,300.04,300.04,300.06,300.02,300.03,300.05,300.07
c207.50.25,300.07,300.04,300.06,300.06,300.06,300.1,300.06
c207.75.10,300.06,300.03,300.06,300.08,300.05,300.03,300.04
c207.75.15,300.13,300.05,300.03,300.09,300.11,300.03,300.05
c207.75.20,300.07,300.08,300.15,300.09,300.05,300.06,300.09
c207.75.25,300.11,300.1,300.1,300.08,300.1,300.1,300.11
c208.100.10,300.07,300.1,300.08,300.09,300.08,300.11,300.07
c208.100.15,300.19,300.11,300.11,300.13,300.13,300.19,300.19
c208.100.20,300.13,300.09,300.14,300.1,300.1,300.05,300.11
c208.100.25,300.16,300.21,300.13,300.15,300.18,300.15,300.18
c208.25.3,160.84,158.51,190.96,157.51,234.43,183.48,200.31
c208.25.5,300.01,300.01,300.01,300.01,300.01,300.01,300.01
c208.30.10,300.01,300.01,300.0,300.02,300.01,300.01,300.01
c208.30.15,300.01,300.02,300.01,300.0,300.01,300.01,300.01
c208.30.20,113.08,300.01,300.02,110.65,300.01,211.71,300.01
c208.30.25,4.47,4.69,3.86,4.44,4.46,4.42,4.55
c208.30.3,300.01,300.0,300.0,300.02,300.01,300.01,300.0
c208.30.5,300.01,300.01,300.01,300.0,300.01,300.01,300.01
c208.40.3,0.35,0.38,0.38,0.37,0.36,0.37,0.34
c208.40.5,300.02,300.01,300.01,300.01,300.01,300.0,300.01
c208.50.10,300.02,300.03,300.01,300.02,300.02,300.01,300.04
c208.50.15,300.02,300.06,300.03,300.02,300.04,300.02,300.03
c208.50.20,300.01,300.04,300.05,300.03,300.04,300.03,300.03
c208.50.25,300.05,300.06,300.05,300.05,300.05,300.04,300.09
c208.75.10,300.03,300.03,300.04,300.0,300.02,300.03,300.04
c208.75.15,300.05,300.06,300.04,300.09,300.17,300.07,300.08
c208.75.20,300.04,300.09,300.07,300.16,300.11,300.09,300.15
c208.75.25,300.19,300.12,300.12,300.12,300.09,300.12,300.07
r101.100.10,5.26,5.41,5.24,5.33,5.28,5.28,5.26
r101.100.15,14.71,14.56,14.93,14.75,14.9,15.37,15.06
r101.100.20,79.45,149.24,254.76,78.86,84.95,201.64,80.34
r101.100.25,66.14,59.03,57.49,65.89,65.46,59.38,67.51
r101.25.3,0.24,0.24,0.24,0.24,0.23,0.2,0.23
r101.25.5,0.21,0.24,0.23,0.22,0.24,0.23,0.21
r101.30.10,0.52,0.51,0.51,0.49,0.49,0.5,0.5
r101.30.15,0.48,0.46,0.5,0.51,0.52,0.5,0.48
r101.30.20,0.6,0.62,0.55,0.6,0.61,0.64,0.62
r101.30.25,0.71,0.72,0.71,0.7,0.71,0.72,0.74
r101.30.3,0.48,0.47,0.47,0.47,0.46,0.47,0.48
r101.30.5,0.33,0.35,0.34,0.33,0.32,0.31,0.33
r101.40.3,0.49,0.47,0.4,0.48,0.48,0.47,0.46
r101.40.5,0.59,0.54,0.58,0.54,0.58,0.59,0.57
r101.50.10,1.37,1.4,1.37,1.39,1.37,1.41,1.37
r101.50.15,2.95,2.35,4.43,2.9,2.91,3.33,2.95
r101.50.20,3.18,3.08,3.91,3.18,3.27,3.51,3.21
r101.50.25,2.74,2.78,2.68,2.65,2.68,2.66,2.69
r101.75.10,2.69,2.73,2.66,2.72,2.67,2.73,2.74
r101.75.15,38.1,36.43,201.9,38.1,38.38,142.95,38.63
r101.75.20,15.79,22.03,13.63,15.7,15.77,13.88,15.66
r101.75.25,18.51,16.43,65.21,18.52,18.57,13.74,18.19
r102.100.10,300.0,300.0,300.0,300.1,300.03,300.01,300.03
r102.100.15,300.05,300.06,300.05,300.03,300.03,300.04,300.07
r102.100.20,300.01,300.02,300.07,300.03,300.02,300.04,300.02
r102.100.25,300.04,300.08,300.11,300.05,300.1,300.16,300.1
r102.25.3,0.84,1.04,18.34,1.02,0.83,1.02,1.06
r102.25.5,300.0,300.0,300.0,300.01,300.01,300.0,300.01
r102.30.10,40.46,57.3,35.4,40.61,50.77,24.09,27.14
r102.30.15,1.98,1.82,3.12,1.91,1.95,1.96,1.96
r102.30.20,2.44,2.38,2.37,2.4,2.36,2.34,2.4
r102.30.25,2.71,2.64,2.75,2.69,2.68,2.7,2.61
r102.30.3,1.26,1.37,139.91,1.19,1.24,1.23,1.16
r102.30.5,300.0,300.0,300.0,300.01,300.0,300.0,300.0
r102.40.3,5.58,5.81,300.0,5.47,5.76,4.91,5.72
r102.40.5,300.0,300.0,300.01,300.0,300.01,300.01,300.0
r102.50.10,300.01,300.01,300.01,300.01,300.02,300.01,300.02
r102.50.15,300.03,300.03,300.02,300.02,300.02,300.06,300.03
r102.50.20,300.06,300.04,300.04,300.07,300.04,300.1,300.01
r102.50.25,21.98,27.01,25.17,21.84,22.63,27.96,22.27
r102.75.10,300.03,300.01,300.01,300.02,300.01,300.07,300.01
r102.75.15,300.04,300.02,300.01,300.02,300.03,300.03,300.04
r102.75.20,300.08,300.03,300.02,300.08,300.07,300.06,300.05
r102.75.25,300.09,300.14,300.06,300.12,300.15,300.11,300.09
r103.100.10,300.0,300.03,300.06,300.03,300.02,300.06,300.02
r103.100.15,300.02,300.02,300.13,300.03,300.05,300.01,300.0
r103.100.20,300.05,300.03,300.05,300.15,300.24,300.03,300.12
r103.100.25,300.07,300.05,300.1,300.11,300.14,300.06,300.13
r103.25.3,300.0,300.0,300.01,300.0,300.0,300.0,300.0
r103.25.5,300.01,300.0,300.0,300.01,300.0,300.0,300.01
r103.30.10,115.89,82.84,191.24,117.39,80.37,140.23,76.18
r103.30.15,14.1,14.61,24.25,14.0,14.55,18.0,13.0
r103.30.20,11.73,15.69,88.21,12.03,11.86,11.2,12.02
r103.30.25,9.8,8.66,16.02,9.81,9.75,15.04,7.95
r103.30.3,300.0,300.0,300.0,300.0,300.0,300.0,300.0
r103.30.5,300.0,300.0,300.01,300.01,300.0,300.0,300.0
r103.40.3,300.01,300.0,300.02,300.02,300.01,300.01,300.01
r103.40.5,300.0,300.0,300.01,300.01,300.0,300.01,300.0
r103.50.10,300.04,300.01,300.01,300.01,300.02,300.01,300.04
r103.50.15,300.03,300.05,300.06,300.04,300.04,300.04,300.04
r103.50.20,300.06,300.06,300.03,300.05,300.03,300.02,300.06
r103.50.25,300.05,300.04,300.08,300.07,300.09,300.07,300.15
r103.75.10,300.03,300.03,300.01,300.04,300.03,300.03,300.05
r103.75.15,300.05,300.03,300.02,300.03,300.05,300.04,300.04
r103.75.20,300.01,300.04,300.02,300.01,300.03,300.16,300.04
r103.75.25,300.09,300.08,300.07,300.03,300.06,300.08,300.07
r104.100.10,300.05,300.02,300.05,300.04,300.03,300.03,300.01
r104.100.15,300.05,300.05,300.08,300.04,300.02,300.03,300.01
r104.100.20,300.19,300.05,300.1,300.19,300.09,300.15,300.2
r104.100.25,300.11,300.01,300.15,300.16,300.17,300.05,300.21
r104.25.3,300.0,300.0,300.0,300.0,300.0,300.0,300.0
r104.25.5,300.01,160.65,232.55,300.0,300.0,204.35,290.25
r104.30.10,300.01,300.01,300.01,300.01,300.01,300.01,300.01
r104.30.15,34.01,17.86,297.6,33.91,107.28,37.5,33.1
r104.30.20,18.66,16.84,70.19,18.4,17.92,15.42,21.3
r104.30.25,5.04,5.71,5.22,5.09,5.02,5.14,5.48
r104.30.3,300.0,300.0,300.01,300.01,300.01,300.0,300.0
r104.30.5,300.01,300.01,300.01,300.02,300.0,300.01,300.0
r104.40.3,300.01,300.0,300.0,300.0,300.01,300.01,300.0
r104.40.5,300.01,300.0,300.01,300.01,300.01,300.02,300.01
r104.50.10,300.02,300.02,300.01,300.04,300.02,300.03,300.02
r104.50.15,300.04,300.02,300.02,300.04,300.04,300.05,300.03
r104.50.20,300.1,300.04,300.04,300.06,300.05,300.11,300.07
r104.50.25,300.03,300.06,300.08,300.03,300.02,300.05,300.01
r104.75.10,300.08,300.01,300.04,300.09,300.06,300.02,300.1
r104.75.15,300.11,300.13,300.04,300.05,300.07,300.05,300.06
r104.75.20,300.73,300.03,300.04,300.54,300.11,300.14,300.14
r104.75.25,300.05,300.07,300.06,300.06,300.1,300.1,300.03
r105.100.10,300.03,300.03,300.02,300.03,300.03,300.0,300.03
r105.100.15,300.03,300.03,300.02,300.03,300.05,300.05,300.06
r105.100.20,300.05,300.06,300.05,300.02,300.02,300.06,300.07
r105.100.25,300.11,300.1,300.09,300.08,300.14,300.11,300.12
r105.25.3,0.2,0.2,0.2,0.21,0.21,0.23,0.23
r105.25.5,2.28,1.85,4.68,2.29,2.35,2.09,2.29
r105.30.10,3.41,6.41,2.59,3.44,3.43,3.66,3.21
r105.30.15,3.7,3.45,3.52,3.68,3.66,3.71,3.79
r105.30.20,2.31,2.27,1.92,2.3,2.32,1.88,2.33
r105.30.25,3.18,3.07,3.18,3.17,3.23,2.02,3.23
r105.30.3,0.21,0.21,0.21,0.22,0.24,0.24,0.22
r105.30.5,4.34,9.92,9.06,4.57,4.46,4.93,4.63
r105.40.3,0.33,0.35,0.34,0.34,0.34,0.34,0.34
r105.40.5,5.59,5.28,2.57,5.34,5.4,3.71,5.22
r105.50.10,300.03,300.01,300.02,300.01,300.02,300.01,300.01
r105.50.15,212.08,51.36,300.05,210.39,95.5,75.3,132.21
r105.50.20,42.18,56.63,300.04,42.69,43.22,45.88,47.01
r105.50.25,10.04,7.96,24.72,9.8,9.99,10.04,9.76
r105.75.10,300.04,300.0,300.02,300.01,300.03,300.05,300.05
r105.75.15,300.04,300.04,300.02,300.06,300.06,300.02,300.06
r105.75.20,300.07,300.06,300.06,300.04,300.06,300.04,300.06
r105.75.25,300.04,300.08,300.08,300.07,300.04,300.06,300.05
r106.100.10,300.01,300.01,300.02,300.01,300.0,300.12,300.01
r106.100.15,300.08,300.03,300.02,300.08,300.3,300.03,300.08
r106.100.20,300.1,300.04,300.09,300.07,300.08,300.14,300.04
r106.100.25,300.13,300.01,300.05,300.12,300.11,300.11,300.16
r106.25.3,300.0,300.0,300.0,300.01,300.0,300.0,300.0
r106.25.5,5.03,5.18,29.16,4.83,4.97,6.55,5.01
r106.30.10,26.72,28.7,67.45,26.33,36.86,39.27,26.33
r106.30.15,3.22,4.58,4.79,3.11,3.21,3.14,3.28
r106.30.20,3.47,4.12,3.23,3.6,3.67,3.55,4.03
r106.30.25,4.78,4.84,4.82,4.75,4.91,4.49,4.8
r106.30.3,300.01,300.0,300.0,300.0,300.0,300.0,300.01
r106.30.5,300.01,300.0,253.8,300.02,300.01,99.98,300.01
r106.40.3,300.0,300.0,300.0,300.01,300.01,300.0,300.0
r106.40.5,300.0,300.0,300.01,300.0,300.01,300.03,300.01
r106.50.10,300.03,300.03,300.02,300.02,300.04,300.01,300.02
r106.50.15,300.02,300.03,300.02,300.07,300.03,300.04,300.04
r106.50.20,300.06,300.03,300.02,300.05,300.04,300.01,300.02
r106.50.25,66.35,98.97,138.71,67.57,300.04,62.79,75.36
r106.75.10,300.01,300.03,300.02,300.01,300.03,300.04,300.03
r106.75.15,300.11,300.06,300.04,300.06,300.06,300.11,300.04
r106.75.20,300.14,300.03,300.06,300.04,300.15,300.04,300.06
r106.75.25,300.05,300.05,300.05,300.05,300.04,300.02,300.06
r107.100.10,300.05,300.0,300.05,300.02,300.05,300.03,300.0
r107.100.15,300.04,300.03,300.06,300.0,300.13,300.05,300.04
r107.100.20,300.12,300.31,300.11,300.12,300.11,300.09,300.1
r107.100.25,300.02,300.07,300.16,300.05,300.05,300.14,300.03
r107.25.3,300.0,300.0,300.0,300.01,300.01,300.01,300.0
r107.25.5,191.51,59.02,14.32,191.13,271.87,29.64,75.3
r107.30.10,139.36,86.84,132.92,139.11,256.27,155.16,66.79
r107.30.15,39.42,50.91,45.81,38.33,38.15,33.24,64.35
r107.30.20,30.06,11.75,13.03,30.33,30.99,14.5,28.97
r107.30.25,14.78,8.18,9.1,14.66,14.67,9.76,9.04
r107.30.3,300.01,300.0,300.0,300.0,300.0,300.0,300.0
r107.30.5,300.02,300.0,300.01,300.01,300.0,300.01,300.0
r107.40.3,300.01,300.0,300.01,300.0,300.0,300.01,300.0
r107.40.5,300.0,300.0,300.01,300.01,300.01,300.01,300.0
r107.50.10,300.01,300.01,300.02,300.02,300.05,300.03,300.01
r107.50.15,300.03,300.01,300.03,300.01,300.01,300.03,300.03
r107.50.20,300.06,300.12,300.04,300.03,300.04,300.05,300.04
r107.50.25,300.06,300.06,300.04,300.07,300.04,300.04,300.05
r107.75.10,300.0,300.02,300.03,300.01,300.01,300.03,300.01
r107.75.15,300.08,300.02,300.02,300.05,300.04,300.04,300.05
r107.75.20,300.29,300.01,300.07,300.61,300.03,300.03,300.0
r107.75.25,300.04,300.03,300.03,300.01,300.24,300.52,300.16
r108.100.10,300.05,300.15,300.07,300.15,300.15,300.12,300.8
r108.100.15,300.13,300.02,300.1,300.13,300.12,300.1,300.28
r108.100.20,300.27,300.12,300.14,300.11,300.05,300.08,300.14
r108.100.25,300.17,300.08,300.23,300.12,300.14,300.23,300.17
r108.25.3,300.0,300.0,300.0,300.0,300.0,300.0,300.0
r108.25.5,69.11,40.79,130.22,69.0,96.68,65.92,45.84
r108.30.10,300.01,300.01,300.01,300.04,300.03,300.01,300.01
r108.30.15,198.5,186.56,193.87,197.15,62.41,67.94,54.83
r108.30.20,14.72,12.97,24.79,14.79,14.79,24.05,24.6
r108.30.25,5.0,5.51,4.93,4.97,4.88,5.76,4.87
r108.30.3,300.0,300.0,300.0,300.01,300.01,300.0,300.0
r108.30.5,300.0,300.01,300.02,300.01,300.02,300.01,300.01
r108.40.3,300.0,300.0,300.0,300.02,300.01,300.01,300.0
r108.40.5,300.0,300.01,300.0,300.0,300.01,300.0,300.01
r108.50.10,300.01,300.01,300.01,300.01,300.04,300.01,300.02
r108.50.15,300.03,300.04,300.03,300.03,300.01,300.01,300.02
r108.50.20,300.04,300.03,300.05,300.02,300.03,300.02,300.08
r108.50.25,300.07,300.08,300.05,300.05,300.06,300.03,300.03
r108.75.10,300.02,300.02,300.04,300.01,300.02,300.03,300.01
r108.75.15,300.03,300.03,300.06,300.08,300.13,300.07,300.04
r108.75.20,300.02,300.03,300.21,300.04,300.02,300.02,300.02
r108.75.25,300.1,300.09,300.07,300.06,300.1,300.12,300.07
r109.100.10,300.03,300.09,300.04,300.01,300.03,300.02,300.03
r109.100.15,300.05,300.0,300.03,300.07,300.06,300.02,300.08
r109.100.20,300.07,300.04,300.09,300.08,300.09,300.07,300.09
r109.100.25,300.09,300.07,300.1,300.1,300.17,300.11,300.07
r109.25.3,300.0,300.0,214.37,300.0,300.0,194.22,300.0
r109.25.5,6.53,3.66,10.04,6.72,6.54,5.6,5.95
r109.30.10,151.86,280.48,260.07,153.59,125.38,24.03,89.62
r109.30.15,30.49,13.74,175.3,30.68,31.83,17.19,19.9
r109.30.20,10.36,9.35,8.05,10.1,10.09,11.43,17.34
r109.30.25,8.13,7.47,6.45,7.95,7.97,6.82,7.24
r109.30.3,300.0,300.0,300.01,300.01,300.01,300.01,300.0
r109.30.5,300.01,300.01,300.01,300.01,300.0,300.01,300.01
r109.40.3,300.01,300.0,300.02,300.02,300.01,300.0,300.02
r109.40.5,300.01,300.0,300.0,300.02,300.0,300.0,300.02
r109.50.10,300.01,300.01,300.03,300.02,300.03,300.04,300.02
r109.50.15,300.04,300.04,300.03,300.02,300.04,300.02,300.02
r109.50.20,300.06,300.04,300.04,300.03,300.06,300.04,300.06
r109.50.25,300.05,300.05,300.05,300.03,300.03,300.05,300.03
r109.75.10,300.04,300.03,300.02,300.07,300.01,300.01,300.01
r109.75.15,300.04,300.04,300.03,300.06,300.04,300.03,300.03
r109.75.20,300.02,300.02,300.02,300.05,300.03,300.04,300.05
r109.75.25,300.06,300.14,300.06,300.06,300.08,300.1,300.06
r110.100.10,300.06,300.08,300.33,300.06,300.07,300.02,300.06
r110.100.15,300.04,300.03,300.06,300.01,300.03,300.06,300.05
r110.100.20,300.04,300.04,300.1,300.03,300.03,300.1,300.04
r110.100.25,300.13,300.11,300.13,300.07,300.15,300.15,300.1
r110.25.3,300.0,300.0,300.0,300.0,300.01,300.0,300.0
r110.25.5,300.0,300.01,172.86,300.01,300.0,300.0,300.01
r110.30.10,300.02,300.01,300.01,300.01,300.01,300.01,300.04
r110.30.15,295.09,300.01,300.02,297.75,300.01,300.02,300.02
r110.30.20,23.49,13.25,12.63,23.31,23.31,22.39,22.31
r110.30.25,14.02,10.18,14.61,13.65,13.72,15.09,11.01
r110.30.3,300.0,300.0,300.0,300.01,300.0,300.0,300.0
r110.30.5,300.01,300.0,300.0,300.01,300.01,300.0,300.0
r110.40.3,300.01,300.0,300.0,300.01,300.0,300.01,300.0
r110.40.5,300.0,300.0,300.01,300.0,300.0,300.03,300.01
r110.50.10,300.03,300.01,300.04,300.04,300.03,300.04,300.01
r110.50.15,300.03,300.02,300.05,300.02,300.07,300.04,300.03
r110.50.20,300.05,300.05,300.01,300.07,300.08,300.04,300.03
r110.50.25,300.07,300.03,300.04,300.02,300.03,300.09,300.02
r110.75.10,300.01,300.03,300.04,300.01,300.01,300.05,300.02
r110.75.15,300.1,300.06,300.05,300.07,300.05,300.07,300.03
r110.75.20,300.04,300.01,300.05,300.02,300.03,300.01,300.02
r110.75.25,300.05,300.08,300.08,300.01,300.02,300.08,300.46
r111.100.10,300.03,300.04,300.05,300.01,300.01,300.08,300.03
r111.100.15,300.04,300.02,300.09,300.1,300.26,300.04,300.08
r111.100.20,300.02,300.03,300.1,300.04,300.03,300.04,300.03
r111.100.25,300.08,300.03,300.14,300.12,300.15,300.08,300.12
r111.25.3,300.0,300.0,300.01,300.0,300.0,300.0,300.0
r111.25.5,15.18,15.35,32.6,14.72,14.57,11.3,8.98
r111.30.10,58.24,49.67,64.49,57.2,58.72,300.0,57.79
r111.30.15,13.26,9.63,23.85,13.47,13.49,11.4,11.55
r111.30.20,14.83,47.65,21.06,14.71,14.86,28.48,17.75
r111.30.25,8.67,8.0,20.38,8.4,8.38,8.11,7.87
r111.30.3,300.01,300.0,300.0,300.01,300.0,300.0,300.0
r111.30.5,300.01,300.01,300.0,300.01,300.0,300.0,300.0
r111.40.3,300.01,300.01,300.02,300.01,300.02,300.01,300.0
r111.40.5,300.01,300.01,300.0,300.0,300.01,300.01,300.01
r111.50.10,300.01,300.02,300.02,300.01,300.06,300.03,300.01
r111.50.15,300.07,300.03,300.01,300.05,300.02,300.05,300.02
r111.50.20,300.02,300.06,300.03,300.03,300.02,300.02,300.07
r111.50.25,300.05,300.06,300.04,300.02,300.02,300.1,300.11
r111.75.10,300.01,300.02,300.04,300.02,300.02,300.02,300.02
r111.75.15,300.06,300.27,300.04,300.05,300.06,300.07,300.04
r111.75.20,300.15,300.07,300.03,300.12,300.06,300.04,300.19
r111.75.25,300.1,300.01,300.0,300.03,300.03,300.03,300.02
r112.100.10,300.34,300.07,300.05,300.09,300.29,300.09,300.12
r112.100.15,300.16,300.01,300.04,300.17,300.16,300.18,300.18
r112.100.20,300.05,300.16,300.18,300.13,300.07,300.12,300.17
r112.100.25,300.16,300.02,300.16,300.29,300.13,300.12,300.18
r112.25.3,300.0,300.0,300.01,300.0,300.0,300.0,300.0
r112.25.5,254.99,105.39,300.0,257.97,92.67,300.01,300.01
r112.30.10,300.02,300.01,300.01,300.01,300.01,98.59,300.02
r112.30.15,35.84,28.93,300.01,36.21,42.12,35.81,42.37
r112.30.20,31.18,22.62,53.92,30.89,35.37,17.38,28.08
r112.30.25,5.29,6.2,4.28,5.34,5.43,4.48,5.57
r112.30.3,300.01,300.0,300.0,300.0,300.01,300.0,300.0
r112.30.5,300.0,300.01,300.0,300.0,300.01,300.03,300.01
r112.40.3,300.0,300.0,300.0,300.01,300.01,300.01,300.01
r112.40.5,300.01,300.0,300.01,300.01,300.01,300.01,300.01
r112.50.10,300.04,300.01,300.01,300.02,300.06,300.01,300.03
r112.50.15,300.05,300.01,300.03,300.01,300.05,300.01,300.02
r112.50.20,300.02,300.03,300.05,300.03,300.05,300.05,300.01
r112.50.25,300.07,300.06,300.06,300.06,300.06,300.06,300.06
r112.75.10,300.08,300.04,300.02,300.06,300.04,300.06,300.05
r112.75.15,300.12,300.03,300.03,300.05,300.16,300.07,300.15
r112.75.20,300.08,300.01,300.05,300.08,300.03,300.09,300.05
r112.75.25,300.11,300.12,300.05,300.09,300.09,301.37,300.1
r201.100.10,300.01,300.06,300.04,300.28,300.22,300.03,300.03
r201.100.15,300.11,300.1,300.12,300.1,300.09,300.06,300.06
r201.100.20,300.08,300.1,300.11,300.1,300.12,300.08,300.12
r201.100.25,300.14,300.13,300.11,300.1,300.14,300.14,300.13
r201.25.3,0.29,0.28,0.28,0.29,0.29,0.27,0.27
r201.25.5,0.64,1.1,0.76,0.6,0.65,0.64,0.61
r201.30.10,3.54,1.59,1.17,3.49,3.45,1.55,3.33
r201.30.15,1.65,1.7,1.43,1.69,1.76,2.62,1.67
r201.30.20,2.36,2.29,2.3,2.25,2.23,1.93,2.3
r201.30.25,2.44,2.44,2.41,2.5,2.36,2.57,2.48
r201.30.3,1.12,0.91,1.01,1.08,1.12,0.87,0.99
r201.30.5,0.95,1.08,0.92,0.94,0.96,0.87,0.97
r201.40.3,16.41,5.27,18.01,16.59,16.37,10.29,13.43
r201.40.5,2.29,3.8,3.35,2.31,2.33,4.03,2.24
r201.50.10,125.55,27.88,300.03,111.99,117.58,203.06,81.69
r201.50.15,37.95,34.13,300.03,38.51,38.5,37.82,43.44
r201.50.20,87.94,57.42,88.36,86.9,92.3,38.83,30.42
r201.50.25,11.16,14.88,22.1,11.28,11.14,13.5,11.12
r201.75.10,300.07,300.02,300.03,300.04,300.04,300.03,300.03
r201.75.15,300.02,300.08,300.04,300.03,300.04,300.06,300.01
r201.75.20,300.03,300.06,300.05,300.02,300.03,300.06,300.02
r201.75.25,300.11,300.06,300.07,300.08,300.06,304.06,300.08
r202.100.10,300.07,300.06,300.04,300.07,300.06,300.0,300.07
r202.100.15,300.05,300.07,300.11,300.1,300.11,300.09,300.08
r202.100.20,300.11,300.09,300.29,300.12,300.29,300.1,300.14
r202.100.25,300.2,300.11,300.17,300.15,300.21,300.26,300.14
r202.25.3,82.72,42.42,119.1,82.06,89.73,175.92,63.03
r202.25.5,12.28,3.54,15.62,12.28,14.68,4.83,13.23
r202.30.10,5.91,4.21,10.72,6.16,5.84,9.29,5.11
r202.30.15,5.98,3.68,5.42,6.02,6.01,5.84,3.99
r202.30.20,3.59,3.61,3.44,3.77,3.68,2.85,3.57
r202.30.25,3.95,3.8,4.34,3.8,3.75,3.58,3.76
r202.30.3,300.0,300.01,300.01,300.0,300.01,300.01,300.01
r202.30.5,87.69,61.89,99.48,88.42,87.87,202.76,110.92
r202.40.3,300.01,300.01,300.01,300.01,300.0,300.02,300.01
r202.40.5,300.02,300.01,300.01,300.01,300.01,300.02,300.02
r202.50.10,300.02,300.02,300.03,300.01,300.01,300.03,300.01
r202.50.15,300.06,300.04,300.05,300.05,300.03,300.02,300.05
r202.50.20,300.04,300.02,300.07,300.02,300.03,300.04,300.05
r202.50.25,151.21,143.59,300.03,150.68,153.99,244.48,185.76
r202.75.10,300.05,300.02,300.03,300.1,300.06,300.03,300.03
r202.75.15,300.04,300.06,300.09,300.05,300.17,300.11,300.08
r202.75.20,300.18,300.03,300.13,300.09,300.09,300.15,300.06
r202.75.25,300.11,300.11,300.13,300.06,300.11,300.11,300.04
r203.100.10,300.02,300.04,300.2,300.02,300.0,300.03,300.0
r203.100.15,300.08,300.07,300.11,300.1,300.06,300.08,300.05
r203.100.20,300.1,300.15,300.15,300.17,300.09,300.22,300.18
r203.100.25,300.18,300.22,300.19,300.2,300.2,300.12,300.16
r203.25.3,262.91,299.68,82.72,264.9,273.93,300.0,300.0
r203.25.5,43.02,71.77,124.91,43.21,51.09,65.4,35.81
r203.30.10,44.76,17.98,134.17,44.06,49.93,27.1,81.38
r203.30.15,11.71,9.88,36.4,11.63,11.66,9.56,12.15
r203.30.20,16.38,12.25,19.32,16.41,17.01,11.0,13.68
r203.30.25,4.46,3.78,3.23,4.41,4.41,3.43,4.37
r203.30.3,300.01,235.06,300.0,300.0,300.0,297.94,300.0
r203.30.5,300.01,300.01,300.02,300.01,300.02,300.01,300.0
r203.40.3,300.01,300.0,300.01,300.0,300.01,300.01,300.02
r203.40.5,300.03,300.01,300.03,300.01,300.01,300.01,300.01
r203.50.10,300.02,300.05,300.02,300.02,300.02,300.02,300.04
r203.50.15,300.1,300.02,300.04,300.03,300.04,300.01,300.02
r203.50.20,300.05,300.06,300.02,300.05,300.04,300.05,300.06
r203.50.25,300.07,300.07,300.03,300.07,300.1,300.03,300.03
r203.75.10,300.12,300.03,300.04,300.07,300.04,300.04,300.06
r203.75.15,300.08,300.05,300.1,300.07,300.09,300.1,300.1
r203.75.20,300.14,300.1,300.13,300.16,300.14,300.09,300.1
r203.75.25,300.05,300.19,300.08,300.08,300.1,300.08,300.08
r204.100.10,300.15,300.06,300.09,300.07,300.05,300.09,300.12
r204.100.15,300.08,300.11,300.11,300.1,300.11,300.13,300.12
r204.100.20,300.22,300.08,300.21,300.27,300.2,300.25,300.15
r204.100.25,300.23,300.18,300.2,300.14,300.14,300.29,300.14
r204.25.3,7.95,10.93,15.26,7.83,8.49,10.17,8.08
r204.25.5,6.08,4.04,4.18,6.01,7.95,5.88,5.57
r204.30.10,13.25,13.37,18.67,13.31,13.21,39.96,10.66
r204.30.15,17.78,21.23,165.45,18.02,15.11,14.76,18.01
r204.30.20,13.36,35.19,14.07,12.97,13.03,13.7,12.53
r204.30.25,5.68,6.35,4.71,5.62,5.74,6.32,5.46
r204.30.3,300.01,256.7,118.42,300.0,300.01,300.01,300.01
r204.30.5,158.39,67.54,38.15,154.62,204.86,124.13,133.87
r204.40.3,300.01,300.0,300.01,300.02,300.02,300.01,300.01
r204.40.5,300.01,300.01,300.0,300.01,300.02,300.0,300.03
r204.50.10,300.03,300.02,300.03,300.01,300.11,300.01,300.02
r204.50.15,300.05,300.05,300.03,300.1,300.04,300.03,300.05
r204.50.20,300.07,300.03,300.07,300.08,300.09,300.0,300.05
r204.50.25,300.05,300.07,300.05,300.06,300.05,300.05,300.08
r204.75.10,300.07,300.28,300.05,300.04,300.12,300.01,300.06
r204.75.15,300.06,300.06,300.06,300.21,300.12,300.07,300.16
r204.75.20,300.07,300.06,300.12,300.08,300.06,300.08,300.09
r204.75.25,300.49,300.12,300.27,300.12,300.11,300.18,300.13
r205.100.10,300.09,300.04,300.05,300.07,300.08,300.08,300.07
r205.100.15,300.1,300.12,300.1,300.1,300.07,300.1,300.09
r205.100.20,300.14,300.14,300.14,300.13,300.09,300.11,300.14
r205.100.25,300.19,300.19,300.18,300.18,300.15,300.25,300.1
r205.25.3,1.68,0.88,4.96,1.64,1.67,1.66,1.12
r205.25.5,1.24,1.18,2.58,1.22,1.26,1.17,1.2
r205.30.10,5.53,2.26,5.75,5.48,5.54,3.67,4.88
r205.30.15,5.82,7.12,12.88,5.93,5.83,5.42,5.85
r205.30.20,14.34,9.57,14.11,14.46,14.39,9.73,13.3
r205.30.25,7.46,7.02,5.67,7.39,7.36,6.91,8.52
r205.30.3,47.3,17.04,23.25,47.65,64.65,18.97,47.41
r205.30.5,6.88,43.29,26.62,6.78,6.84,9.13,6.87
r205.40.3,300.02,300.0,300.01,300.01,300.01,300.01,300.0
r205.40.5,300.01,300.01,300.01,300.01,300.01,300.02,300.03
r205.50.10,300.03,300.02,300.01,300.03,300.03,300.02,300.02
r205.50.15,300.04,300.03,300.04,300.05,300.04,300.04,300.05
r205.50.20,300.06,300.04,300.04,300.02,300.06,300.05,300.05
r205.50.25,300.03,300.04,300.02,300.05,300.05,300.03,300.06
r205.75.10,300.04,300.05,300.08,300.02,300.03,300.02,300.03
r205.75.15,300.04,300.04,300.05,300.1,300.07,300.11,300.04
r205.75.20,300.07,300.05,300.05,300.1,300.08,300.05,300.08
r205.75.25,300.12,300.09,300.08,300.13,300.06,300.09,300.06
r206.100.10,300.07,300.07,300.05,300.08,300.08,300.09,300.08
r206.100.15,300.08,300.14,300.16,300.08,300.1,300.13,300.09
r206.100.20,300.2,300.12,300.2,300.2,300.17,300.27,300.15
r206.100.25,300.17,300.19,300.16,300.11,300.28,300.17,300.22
r206.25.3,29.0,11.24,20.7,29.61,17.19,18.38,26.94
r206.25.5,1.84,2.17,2.69,1.8,1.91,1.43,1.84
r206.30.10,43.44,13.04,50.95,43.61,39.82,25.18,29.31
r206.30.15,12.69,18.2,19.44,12.59,13.0,10.58,12.72
r206.30.20,12.07,15.04,13.7,12.43,12.35,7.94,13.15
r206.30.25,9.52,9.75,6.97,9.36,9.38,9.01,8.9
r206.30.3,300.0,300.0,300.0,300.0,300.01,300.01,300.0
r206.30.5,300.01,300.01,300.01,300.0,300.01,300.02,300.01
r206.40.3,300.0,300.01,300.01,300.01,300.01,300.01,300.01
r206.40.5,300.02,300.02,300.01,300.01,300.0,300.02,300.01
r206.50.10,300.03,300.04,300.06,300.02,300.04,300.04,300.03
r206.50.15,300.01,300.02,300.04,300.05,300.07,300.04,300.05
r206.50.20,300.05,300.04,300.03,300.05,300.03,300.06,300.03
r206.50.25,300.03,300.01,300.03,300.04,300.05,300.07,300.07
r206.75.10,300.06,300.05,300.05,300.07,300.05,300.04,300.08
r206.75.15,300.06,300.13,300.06,300.06,300.06,300.05,300.07
r206.75.20,300.23,300.1,300.05,300.18,300.1,300.05,300.08
r206.75.25,300.1,300.11,300.12,300.24,300.16,300.06,300.11
r207.100.10,300.04,300.06,300.11,300.08,300.06,300.06,300.05
r207.100.15,300.14,300.09,300.13,300.07,300.14,300.11,300.13
r207.100.20,300.16,300.11,300.19,300.17,300.12,300.14,300.36
r207.100.25,300.25,300.25,300.3,300.22,300.24,300.2,300.1
r207.25.3,11.74,6.18,4.42,11.42,9.34,8.56,7.57
r207.25.5,4.01,2.8,4.09,3.82,3.88,3.01,3.85
r207.30.10,95.04,26.53,30.03,93.85,90.3,19.47,17.13
r207.30.15,21.3,17.03,91.11,21.15,19.62,15.64,19.29
r207.30.20,15.97,14.2,46.47,15.94,16.01,49.22,15.79
r207.30.25,5.35,4.59,4.79,5.21,5.25,3.99,4.95
r207.30.3,300.01,300.0,300.0,300.0,300.0,300.0,300.0
r207.30.5,300.01,300.01,300.0,300.01,300.01,300.01,300.0
r207.40.3,300.01,300.01,300.01,300.01,300.01,300.0,300.01
r207.40.5,300.01,300.01,300.02,300.01,300.01,300.01,300.11
r207.50.10,300.03,300.02,300.03,300.04,300.01,300.02,300.05
r207.50.15,300.1,300.04,300.03,300.04,300.04,300.04,300.03
r207.50.20,300.03,300.13,300.07,300.04,300.1,300.04,300.06
r207.50.25,300.12,300.06,300.09,300.05,300.07,300.07,300.07
r207.75.10,300.07,300.07,300.04,300.05,300.08,300.04,300.1
r207.75.15,300.09,300.14,300.06,300.11,300.11,300.06,300.07
r207.75.20,300.16,300.08,300.1,300.13,300.15,300.29,300.11
r207.75.25,300.13,300.08,300.13,300.07,300.1,300.07,300.1
r208.100.10,300.03,300.08,300.08,300.04,300.08,300.04,300.03
r208.100.15,300.08,300.05,300.18,300.11,300.29,300.24,300.11
r208.100.20,300.15,300.14,300.4,300.18,300.17,300.22,300.14
r208.100.25,300.05,300.64,300.25,300.13,300.16,300.26,300.39
r208.25.3,3.08,2.31,1.42,3.0,3.0,2.04,3.01
r208.25.5,2.7,2.39,3.5,2.79,2.69,2.25,2.72
r208.30.10,8.63,7.44,11.27,8.63,8.87,9.83,8.65
r208.30.15,24.27,21.76,107.06,24.09,25.23,26.51,26.14
r208.30.20,22.93,16.61,131.89,22.8,22.61,24.14,17.23
r208.30.25,7.69,6.21,5.26,7.69,7.6,6.88,7.49
r208.30.3,28.83,26.86,14.35,28.57,31.62,30.5,26.91
r208.30.5,6.01,12.24,8.35,5.88,5.95,8.02,5.91
r208.40.3,300.01,300.01,300.01,300.01,300.01,300.01,300.01
r208.40.5,300.01,300.02,300.01,300.0,300.02,300.01,300.01
r208.50.10,300.02,300.03,300.03,300.06,300.03,300.02,300.04
r208.50.15,300.02,300.04,300.04,300.03,300.03,300.11,300.04
r208.50.20,300.02,300.03,300.06,300.01,300.01,300.05,300.03
r208.50.25,300.05,300.06,300.06,300.07,300.08,300.05,300.05
r208.75.10,300.04,300.1,300.09,300.04,300.05,300.05,300.02
r208.75.15,300.19,300.05,300.04,300.11,300.08,300.13,300.1
r208.75.20,300.05,300.09,300.13,300.05,300.1,300.05,300.07
r208.75.25,300.08,300.12,300.11,300.11,300.15,300.15,300.18
r209.100.10,300.09,300.06,300.05,300.09,300.09,300.08,300.08
r209.100.15,300.12,300.06,300.14,300.08,300.13,300.11,300.25
r209.100.20,300.12,300.14,300.12,300.17,300.18,300.17,300.12
r209.100.25,300.38,300.19,300.17,300.46,300.12,300.2,300.1
r209.25.3,17.74,11.66,12.96,17.59,19.35,12.03,13.06
r209.25.5,13.52,7.85,10.05,13.45,13.29,13.66,13.69
r209.30.10,30.44,117.07,101.03,30.97,22.72,23.78,41.02
r209.30.15,13.61,23.86,54.91,12.98,13.34,11.48,11.73
r209.30.20,18.16,14.2,13.66,17.75,18.3,13.26,16.26
r209.30.25,25.34,10.1,9.77,26.01,26.08,8.92,16.14
r209.30.3,59.46,60.07,33.35,43.58,52.81,62.62,55.54
r209.30.5,174.76,61.92,289.92,171.91,111.09,253.51,285.47
r209.40.3,300.0,300.01,300.01,300.0,300.01,300.02,300.01
r209.40.5,300.01,300.01,300.01,300.01,300.02,300.01,300.01
r209.50.10,300.02,300.01,300.03,300.02,300.02,300.03,300.04
r209.50.15,300.03,300.03,300.03,300.05,300.04,300.04,300.04
r209.50.20,300.04,300.04,300.06,300.06,300.06,300.04,300.05
r209.50.25,300.09,300.03,300.03,300.08,300.04,300.02,300.02
r209.75.10,300.1,300.05,300.03,300.03,300.06,300.03,300.05
r209.75.15,300.1,300.08,300.13,300.11,300.06,300.04,300.06
r209.75.20,300.06,300.09,300.08,300.08,300.05,300.08,300.08
r209.75.25,300.09,300.08,300.12,300.11,300.1,300.12,300.11
r210.100.10,300.07,300.08,300.02,300.06,300.06,300.09,300.05
r210.100.15,300.07,300.08,300.11,300.07,300.09,300.1,300.07
r210.100.20,300.14,300.15,300.14,300.15,300.12,300.14,300.16
r210.100.25,300.27,300.12,300.36,300.32,300.2,300.19,300.12
r210.25.3,28.62,6.75,20.73,28.15,26.16,29.42,38.12
r210.25.5,12.98,8.93,15.59,13.39,13.93,5.27,29.44
r210.30.10,5.4,7.64,22.91,5.57,5.35,25.54,9.24
r210.30.15,10.4,19.21,18.04,10.34,10.46,14.83,9.92
r210.30.20,27.24,10.34,13.96,26.9,27.09,9.85,11.57
r210.30.25,7.98,11.3,8.47,7.93,8.07,10.02,7.63
r210.30.3,300.0,107.35,300.01,300.0,295.79,300.01,158.78
r210.30.5,179.17,140.81,89.42,179.8,272.35,300.0,300.01
r210.40.3,300.01,300.0,300.0,300.01,300.01,300.01,300.01
r210.40.5,300.02,300.02,300.03,300.02,300.01,300.01,300.05
r210.50.10,300.04,300.02,300.07,300.02,300.03,300.05,300.04
r210.50.15,300.06,300.04,300.03,300.03,300.02,300.03,300.03
r210.50.20,300.05,300.05,300.05,300.08,300.02,300.06,300.04
r210.50.25,300.06,300.08,300.06,300.09,300.09,300.05,300.11
r210.75.10,300.06,300.04,300.05,300.08,300.05,300.06,300.05
r210.75.15,300.18,300.05,300.07,300.19,300.12,300.13,300.08
r210.75.20,300.13,300.1,300.08,300.11,300.09,300.09,300.11
r210.75.25,300.13,300.04,300.13,300.13,300.08,300.13,300.11
r211.100.10,300.02,300.04,300.08,300.01,300.02,300.04,300.01
r211.100.15,300.14,300.07,300.18,300.06,300.06,300.25,300.06
r211.100.20,300.18,300.19,300.12,300.18,300.24,300.25,300.2
r211.100.25,300.32,300.17,300.12,300.15,300.24,300.15,300.27
r211.25.3,39.67,13.51,17.24,39.62,42.04,33.21,36.63
r211.25.5,18.08,9.94,24.09,17.94,27.87,21.38,17.71
r211.30.10,300.01,300.01,111.11,300.01,296.74,300.01,166.1
r211.30.15,19.49,17.97,171.23,19.39,19.54,22.97,32.68
r211.30.20,58.95,17.02,61.84,57.99,55.24,11.12,16.28
r211.30.25,8.07,8.33,6.04,8.5,8.63,5.73,8.22
r211.30.3,300.0,300.0,300.01,300.0,300.01,300.01,300.01
r211.30.5,300.0,300.01,252.83,300.01,300.01,300.01,300.0
r211.40.3,300.0,300.01,300.01,300.01,300.01,300.01,300.01
r211.40.5,300.01,300.01,300.02,300.01,300.01,300.01,300.01
r211.50.10,300.04,300.03,300.03,300.02,300.05,300.06,300.04
r211.50.15,300.06,300.02,300.04,300.02,300.04,300.06,300.05
r211.50.20,300.1,300.07,300.07,300.07,300.11,300.05,300.08
r211.50.25,300.05,300.08,300.05,300.05,300.06,300.06,300.05
r211.75.10,300.05,300.03,300.06,300.03,300.09,300.05,300.06
r211.75.15,300.12,300.12,300.07,300.17,300.11,300.18,300.11
r211.75.20,300.08,300.12,300.08,300.03,300.06,300.08,300.07
r211.75.25,300.13,300.11,300.09,300.13,300.1,300.14,300.14
rc101.100.10,300.01,300.03,300.01,300.0,300.01,300.02,300.16
rc101.100.15,300.05,300.1,300.02,300.06,300.05,300.15,300.03
rc101.100.20,300.02,300.02,300.02,300.05,300.06,300.03,300.01
rc101.100.25,300.1,300.12,300.14,300.12,300.09,300.1,300.07
rc101.25.3,0.57,0.7,0.52,0.6,0.53,0.9,0.6
rc101.25.5,1.69,1.7,1.53,1.63,1.69,0.83,1.69
rc101.30.10,10.04,66.99,300.03,10.03,10.17,31.49,13.61
rc101.30.15,246.97,10.96,104.8,244.0,20.43,22.84,13.06
rc101.30.20,4.03,3.09,5.91,4.13,4.05,9.45,6.06
rc101.30.25,5.13,6.6,8.53,5.04,5.13,11.41,5.37
rc101.30.3,0.14,0.17,0.17,0.13,0.14,0.13,0.16
rc101.30.5,6.25,7.39,27.31,6.24,6.01,4.64,5.31
rc101.40.3,0.19,0.24,0.23,0.19,0.2,0.22,0.19
rc101.40.5,22.61,31.57,11.7,22.29,22.31,29.63,21.97
rc101.50.10,23.35,85.04,300.03,22.66,23.38,32.4,20.65
rc101.50.15,300.03,300.01,300.02,300.04,300.02,300.03,211.36
rc101.50.20,300.02,300.02,300.04,300.02,300.03,300.02,300.06
rc101.50.25,300.02,300.04,300.03,300.02,300.02,300.02,300.05
rc101.75.10,300.02,300.01,300.02,300.01,300.01,300.06,300.01
rc101.75.15,300.01,300.01,300.05,300.02,300.01,300.01,300.0
rc101.75.20,300.03,300.21,300.06,300.05,300.03,300.08,300.06
rc101.75.25,300.08,300.06,300.07,300.06,300.12,300.09,300.1
rc102.100.10,300.07,300.03,300.06,300.05,300.07,300.01,300.04
rc102.100.15,300.03,300.09,300.17,300.04,300.0,300.08,300.04
rc102.100.20,300.04,300.09,300.07,300.08,300.05,300.08,300.03
rc102.100.25,300.1,300.11,300.11,300.04,300.16,300.11,300.1
rc102.25.3,34.57,12.08,6.58,34.24,33.62,11.05,26.28
rc102.25.5,3.26,2.77,10.44,3.33,3.18,1.52,3.19
rc102.30.10,300.02,151.66,300.01,300.02,300.02,188.71,300.01
rc102.30.15,300.02,300.02,300.01,300.01,300.03,300.01,300.01
rc102.30.20,300.02,300.01,300.03,300.03,300.02,300.01,300.03
rc102.30.25,251.24,300.01,300.03,254.65,300.01,300.02,300.03
rc102.30.3,0.26,0.28,0.26,0.24,0.24,0.28,0.26
rc102.30.5,300.01,300.0,300.0,300.01,300.01,300.01,300.01
rc102.40.3,0.45,0.46,0.45,0.44,0.46,0.43,0.38
rc102.40.5,300.03,300.0,300.01,300.01,300.02,300.01,300.0
rc102.50.10,300.07,300.01,300.03,300.07,300.01,300.03,300.04
rc102.50.15,300.03,300.02,300.05,300.05,300.03,300.03,300.02
rc102.50.20,300.05,300.03,300.05,300.05,300.04,300.04,300.02
rc102.50.25,300.05,300.05,300.07,300.05,300.06,300.07,300.05
rc102.75.10,300.05,300.02,300.05,300.02,300.03,300.02,300.04
rc102.75.15,300.04,300.04,300.04,300.09,300.11,300.04,300.05
rc102.75.20,300.0,300.03,300.08,300.01,300.02,300.02,300.05
rc102.75.25,300.09,300.03,300.02,300.03,300.16,300.09,300.04
rc103.100.10,300.01,300.03,300.02,300.01,300.01,300.07,300.03
rc103.100.15,300.04,300.14,300.14,300.04,300.0,300.05,300.03
rc103.100.20,300.06,300.04,300.14,300.13,300.05,300.14,300.11
rc103.100.25,300.19,300.14,300.05,300.18,300.17,300.11,300.17
rc103.25.3,300.01,300.0,300.01,300.0,300.0,300.0,300.0
rc103.25.5,300.01,93.37,300.0,300.0,300.0,167.45,89.46
rc103.30.10,300.01,300.01,300.01,300.0,253.06,300.02,300.01
rc103.30.15,300.01,300.01,300.05,300.01,300.02,300.0,300.04
rc103.30.20,300.01,300.02,67.15,300.01,40.3,300.02,300.02
rc103.30.25,26.23,22.68,33.27,26.58,26.76,18.08,20.26
rc103.30.3,0.38,0.39,0.37,0.42,0.41,0.4,0.43
rc103.30.5,300.01,300.01,300.0,300.01,300.0,300.01,300.01
rc103.40.3,0.42,0.44,0.44,0.44,0.44,0.43,0.46
rc103.40.5,300.05,300.01,300.0,300.01,300.0,300.05,300.06
rc103.50.10,300.05,300.01,300.04,300.03,300.03,300.06,300.03
rc103.50.15,300.02,300.02,300.05,300.06,300.03,300.05,300.05
rc103.50.20,300.09,300.04,300.08,300.03,300.11,300.05,300.06
rc103.50.25,300.06,300.06,300.06,300.05,300.06,300.03,300.08
rc103.75.10,300.03,300.03,300.02,300.06,300.02,300.05,300.06
rc103.75.15,300.13,300.09,300.06,300.1,300.07,300.1,300.13
rc103.75.20,300.05,300.0,300.05,300.1,300.11,300.05,300.1
rc103.75.25,300.04,300.11,300.08,300.16,300.17,300.01,300.16
rc104.100.10,300.01,300.04,300.04,300.03,300.01,300.01,300.01
rc104.100.15,300.36,300.02,300.07,300.19,300.17,300.25,300.31
rc104.100.20,300.17,300.19,300.12,300.16,300.15,300.15,300.14
rc104.100.25,300.12,300.21,300.14,300.13,300.03,300.07,300.15
rc104.25.3,150.06,76.42,54.24,152.07,196.4,158.61,148.98
rc104.25.5,13.37,27.66,17.94,13.39,14.81,11.39,10.38
rc104.30.10,300.01,29.3,153.17,300.01,300.01,52.03,300.01
rc104.30.15,300.01,300.01,300.01,300.02,300.01,300.01,300.01
rc104.30.20,300.01,99.73,74.94,300.01,100.06,300.02,85.83
rc104.30.25,4.63,4.62,4.15,4.38,4.6,4.5,4.56
rc104.30.3,0.56,0.57,0.55,0.56,0.56,0.63,0.57
rc104.30.5,300.02,300.01,300.01,300.01,300.01,300.01,300.01
rc104.40.3,0.47,0.48,0.46,0.5,0.47,0.46,0.46
rc104.40.5,300.01,300.0,300.01,300.01,300.01,300.01,300.02
rc104.50.10,300.04,300.01,300.03,300.03,300.01,300.05,300.03
rc104.50.15,300.03,300.02,300.02,300.02,300.04,300.01,300.02
rc104.50.20,300.08,300.04,300.05,300.06,300.04,300.03,300.07
rc104.50.25,300.05,300.04,300.06,300.06,300.05,300.08,300.04
rc104.75.10,300.03,300.01,300.02,300.02,300.06,300.05,300.08
rc104.75.15,300.1,300.01,300.03,300.06,300.12,300.1,300.15
rc104.75.20,300.2,300.09,300.03,300.33,300.12,300.08,300.2
rc104.75.25,300.04,300.01,300.34,300.2,300.42,300.27,300.01
rc105.100.10,300.34,300.0,300.03,300.17,300.19,300.01,300.19
rc105.100.15,300.05,300.01,300.06,300.1,300.22,300.05,300.06
rc105.100.20,300.04,300.04,300.07,300.07,300.06,300.02,300.06
rc105.100.25,300.18,300.12,300.11,300.16,300.18,300.07,300.16
rc105.25.3,300.0,300.0,300.0,300.01,300.0,300.0,300.0
rc105.25.5,24.75,14.18,58.81,24.28,14.61,9.63,12.38
rc105.30.10,300.01,300.01,300.01,300.0,115.01,213.0,215.98
rc105.30.15,300.01,300.01,300.01,300.04,300.03,300.02,300.01
rc105.30.20,300.01,300.01,300.02,300.03,300.01,300.02,300.01
rc105.30.25,14.99,56.76,300.01,15.34,15.05,27.0,96.36
rc105.30.3,0.2,0.24,0.22,0.23,0.24,0.24,0.24
rc105.30.5,300.01,300.01,300.01,300.01,300.02,81.0,300.02
rc105.40.3,0.53,0.57,0.54,0.55,0.55,0.55,0.56
rc105.40.5,300.06,300.01,300.0,300.0,300.02,300.01,300.01
rc105.50.10,300.01,300.03,300.0,300.03,300.02,300.02,300.02
rc105.50.15,300.04,300.02,300.02,300.03,300.02,300.02,300.05
rc105.50.20,300.05,300.03,300.04,300.02,300.03,300.06,300.04
rc105.50.25,300.1,300.05,300.04,300.06,300.04,300.05,300.08
rc105.75.10,300.01,300.02,300.06,300.0,300.06,300.01,300.02
rc105.75.15,300.03,300.03,300.02,300.08,300.04,300.02,300.04
rc105.75.20,300.08,300.01,300.14,300.06,300.03,300.07,300.06
rc105.75.25,300.09,300.05,300.49,300.13,300.09,300.06,300.09
rc106.100.10,300.05,300.0,300.06,300.1,300.06,300.05,300.08
rc106.100.15,300.09,300.09,300.06,300.11,300.06,300.03,300.13
rc106.100.20,300.05,300.01,300.07,300.04,300.08,300.08,300.04
rc106.100.25,300.11,300.05,300.06,300.1,300.11,300.06,300.09
rc106.25.3,8.7,18.69,32.15,8.77,8.86,17.72,8.37
rc106.25.5,8.25,9.44,51.82,8.19,8.31,7.67,11.17
rc106.30.10,12.3,3.11,11.47,11.5,13.96,2.3,12.66
rc106.30.15,13.48,14.21,11.57,13.69,13.62,8.27,15.42
rc106.30.20,5.03,5.45,4.46,5.0,4.97,5.4,4.94
rc106.30.25,9.21,9.25,4.17,9.45,9.39,9.27,7.93
rc106.30.3,0.22,0.24,0.22,0.21,0.24,0.22,0.23
rc106.30.5,300.0,56.24,300.0,300.01,300.01,60.44,300.01
rc106.40.3,0.38,0.38,0.36,0.38,0.37,0.35,0.37
rc106.40.5,300.0,300.0,300.02,300.01,300.01,300.0,300.01
rc106.50.10,300.05,300.03,300.04,300.03,300.03,300.02,300.01
rc106.50.15,300.02,300.02,300.02,300.03,300.04,300.05,300.07
rc106.50.20,300.02,300.04,300.02,300.03,300.03,300.05,300.04
rc106.50.25,300.06,300.05,300.06,300.06,300.03,300.03,300.04
rc106.75.10,300.02,300.04,300.02,300.05,300.01,300.02,300.06
rc106.75.15,300.05,300.34,300.03,300.06,300.03,300.06,300.07
rc106.75.20,300.05,300.03,300.08,300.1,300.03,300.22,300.03
rc106.75.25,300.06,300.08,300.06,300.07,300.06,300.11,300.1
rc107.100.10,300.09,300.07,300.07,300.12,300.07,300.13,300.03
rc107.100.15,300.09,300.0,300.03,300.15,300.15,300.14,300.16
rc107.100.20,300.08,300.07,300.92,300.14,300.11,300.11,300.05
rc107.100.25,300.14,300.1,300.08,300.15,300.11,300.07,300.08
rc107.25.3,28.68,15.69,35.43,29.01,21.92,42.8,23.7
rc107.25.5,99.11,19.84,61.31,100.34,102.39,12.43,21.24
rc107.30.10,300.01,300.01,300.02,300.01,300.01,300.01,300.01
rc107.30.15,300.03,300.01,300.01,300.03,300.02,300.02,300.01
rc107.30.20,300.02,218.65,300.01,300.02,300.01,300.01,248.03
rc107.30.25,12.77,12.24,13.07,12.53,12.62,12.4,14.96
rc107.30.3,0.31,0.31,0.32,0.32,0.32,0.28,0.31
rc107.30.5,237.05,300.0,300.01,236.28,300.0,141.85,300.01
rc107.40.3,0.27,0.32,0.29,0.3,0.29,0.31,0.3
rc107.40.5,300.01,300.0,300.02,300.02,300.03,300.01,300.02
rc107.50.10,300.03,300.02,300.01,300.01,300.03,300.02,300.01
rc107.50.15,300.07,300.01,300.03,300.04,300.04,300.04,300.04
rc107.50.20,300.09,300.02,300.02,300.05,300.08,300.04,300.03
rc107.50.25,300.07,300.04,300.06,300.09,300.1,300.07,300.07
rc107.75.10,300.03,300.02,300.03,300.02,300.01,300.02,300.03
rc107.75.15,300.07,300.02,300.06,300.16,300.08,300.08,300.06
rc107.75.20,300.06,300.07,300.06,300.12,300.04,300.1,300.18
rc107.75.25,300.08,300.02,300.06,300.08,300.06,300.09,300.07
rc108.100.10,300.12,300.07,300.01,300.11,300.11,300.07,300.13
rc108.100.15,300.14,300.04,300.28,300.17,300.2,300.19,300.13
rc108.100.20,300.06,300.13,300.08,300.15,300.03,300.1,300.14
rc108.100.25,300.14,300.1,300.17,300.16,300.12,300.16,300.15
rc108.25.3,53.26,18.34,142.24,54.05,62.79,10.96,147.28
rc108.25.5,14.57,9.64,41.72,14.58,11.16,108.94,15.63
rc108.30.10,300.02,244.36,300.01,300.01,300.01,300.01,300.02
rc108.30.15,300.02,300.02,300.02,300.02,300.02,300.02,300.02
rc108.30.20,300.01,300.01,43.54,300.01,300.02,300.01,300.01
rc108.30.25,3.94,4.29,3.5,3.98,4.09,3.87,3.92
rc108.30.3,0.47,0.45,0.42,0.49,0.46,0.45,0.4
rc108.30.5,300.01,300.0,300.01,300.0,300.01,300.01,300.01
rc108.40.3,0.32,0.34,0.38,0.37,0.34,0.34,0.32
rc108.40.5,300.01,300.0,300.02,300.02,300.01,300.04,300.01
rc108.50.10,300.04,300.01,300.01,300.01,300.02,300.02,300.02
rc108.50.15,300.04,300.04,300.05,300.05,300.03,300.04,300.05
rc108.50.20,300.09,300.01,300.07,300.03,300.05,300.06,300.06
rc108.50.25,300.06,300.05,300.07,300.07,300.05,300.05,300.09
rc108.75.10,300.09,300.04,300.06,300.04,300.07,300.03,300.08
rc108.75.15,300.17,300.09,300.04,300.13,300.12,300.12,300.13
rc108.75.20,300.37,300.1,300.06,300.33,300.26,300.12,300.23
rc108.75.25,300.09,300.24,300.07,300.06,300.07,300.1,300.1
rc201.100.10,300.12,300.05,300.06,300.15,300.12,300.06,300.12
rc201.100.15,300.06,300.09,300.08,300.1,300.13,300.17,300.12
rc201.100.20,300.12,300.12,300.1,300.11,300.15,300.08,300.13
rc201.100.25,300.1,300.13,300.14,300.15,300.13,300.11,300.14
rc201.25.3,0.45,0.39,0.46,0.46,0.46,0.38,0.43
rc201.25.5,1.12,1.0,0.72,1.14,1.16,0.71,1.17
rc201.30.10,2.79,2.1,3.97,2.82,2.85,2.22,2.58
rc201.30.15,6.24,4.66,6.41,6.29,6.42,6.4,4.4
rc201.30.20,7.19,5.94,11.17,7.0,7.51,8.74,8.02
rc201.30.25,6.55,6.82,6.23,6.73,6.64,5.26,6.72
rc201.30.3,0.23,0.23,0.19,0.18,0.19,0.23,0.19
rc201.30.5,1.57,1.5,2.11,1.58,1.61,1.36,1.65
rc201.40.3,0.24,0.24,0.26,0.21,0.26,0.25,0.25
rc201.40.5,14.38,15.54,51.78,14.14,35.79,43.21,12.85
rc201.50.10,170.37,190.84,300.02,170.89,292.97,249.28,243.88
rc201.50.15,300.01,247.51,300.04,300.02,300.02,300.03,300.02
rc201.50.20,101.97,300.02,300.03,100.31,62.48,136.48,182.54
rc201.50.25,300.02,300.04,300.02,300.03,300.03,42.73,300.04
rc201.75.10,300.04,300.03,300.03,300.03,300.03,300.12,300.04
rc201.75.15,300.09,300.05,300.02,300.05,300.08,300.09,300.12
rc201.75.20,300.11,300.03,300.07,300.1,300.09,300.07,300.11
rc201.75.25,300.09,300.07,300.1,300.04,300.13,300.04,300.1
rc202.100.10,300.09,300.06,300.07,300.16,300.12,300.06,300.1
rc202.100.15,300.15,300.09,300.12,300.11,300.17,300.15,300.09
rc202.100.20,300.06,300.08,300.16,300.07,300.07,300.15,300.1
rc202.100.25,300.2,300.09,300.15,300.2,300.11,300.3,300.2
rc202.25.3,5.18,4.39,7.07,5.03,5.06,7.73,4.48
rc202.25.5,6.11,3.73,7.52,5.73,5.9,3.17,5.54
rc202.30.10,103.37,69.59,300.01,104.41,300.01,98.38,207.24
rc202.30.15,300.01,300.01,300.03,300.02,300.01,300.02,300.01
rc202.30.20,300.02,297.72,300.01,300.01,300.01,300.01,240.98
rc202.30.25,13.36,17.85,13.44,13.17,13.3,12.9,16.61
rc202.30.3,0.35,0.35,0.38,0.39,0.38,0.39,0.38
rc202.30.5,30.52,50.55,107.43,31.02,21.9,31.77,30.43
rc202.40.3,0.3,0.28,0.33,0.29,0.3,0.28,0.29
rc202.40.5,300.08,300.01,300.01,300.03,300.05,300.01,300.02
rc202.50.10,300.01,300.04,300.01,300.02,300.05,300.02,300.06
rc202.50.15,300.02,300.04,300.04,300.05,300.07,300.03,300.04
rc202.50.20,300.03,300.03,300.04,300.05,300.04,300.04,300.01
rc202.50.25,300.04,300.04,300.03,300.04,300.06,300.05,300.01
rc202.75.10,300.03,300.04,300.05,300.06,300.07,300.03,300.1
rc202.75.15,300.15,300.07,300.04,300.15,300.03,300.16,300.04
rc202.75.20,300.11,300.09,300.11,300.08,300.19,300.13,300.07
rc202.75.25,300.17,300.13,300.06,300.13,300.15,300.14,300.15
rc203.100.10,300.06,300.08,300.05,300.03,300.03,300.08,300.06
rc203.100.15,300.07,300.05,300.17,300.08,300.07,300.1,300.11
rc203.100.20,300.21,300.07,300.17,300.22,300.16,300.07,300.09
rc203.100.25,300.21,300.08,300.26,300.27,300.22,300.19,300.2
rc203.25.3,300.0,230.39,300.01,300.0,300.0,300.01,300.01
rc203.25.5,105.55,28.72,38.13,104.8,114.57,49.07,53.35
rc203.30.10,300.01,300.01,228.95,300.01,275.24,300.02,200.57
rc203.30.15,300.01,300.02,300.02,300.03,300.02,300.01,251.29
rc203.30.20,30.93,300.02,55.25,30.31,37.25,99.63,148.07
rc203.30.25,4.45,4.51,3.62,4.5,4.33,16.78,4.54
rc203.30.3,0.44,0.45,0.45,0.43,0.47,0.46,0.45
rc203.30.5,300.02,300.01,300.01,300.04,300.03,300.01,300.01
rc203.40.3,0.37,0.32,0.38,0.35,0.37,0.34,0.31
rc203.40.5,300.01,300.0,300.01,300.02,300.02,300.01,300.01
rc203.50.10,300.04,300.02,300.01,300.05,300.16,300.0,300.04
rc203.50.15,300.04,300.04,300.04,300.05,300.02,300.02,300.09
rc203.50.20,300.05,300.04,300.04,300.04,300.06,300.1,300.06
rc203.50.25,300.13,300.06,300.07,300.04,300.12,300.05,300.07
rc203.75.10,300.05,300.05,300.06,300.05,300.04,300.04,300.07
rc203.75.15,300.07,300.07,300.07,300.05,300.08,300.15,300.07
rc203.75.20,300.14,300.03,300.08,300.2,300.16,300.16,300.12
rc203.75.25,300.22,300.15,300.13,300.15,300.19,300.19,300.16
rc204.100.10,300.07,300.12,300.12,300.08,300.03,300.11,300.03
rc204.100.15,300.23,300.09,300.07,300.37,300.21,300.08,300.07
rc204.100.20,300.43,300.18,300.13,300.08,300.18,300.26,300.22
rc204.100.25,300.2,300.18,300.22,300.22,300.31,300.32,300.22
rc204.25.3,4.67,4.1,5.96,4.63,4.56,25.52,4.94
rc204.25.5,11.95,7.88,28.73,11.7,12.65,10.41,11.15
rc204.30.10,300.01,300.01,300.01,300.01,300.01,300.01,300.01
rc204.30.15,300.01,300.01,300.01,300.01,300.02,300.04,300.02
rc204.30.20,300.01,300.01,300.01,300.02,64.79,300.02,300.02
rc204.30.25,6.15,5.51,4.55,6.14,6.16,5.52,6.18
rc204.30.3,0.51,0.49,0.52,0.54,0.52,0.49,0.57
rc204.30.5,300.01,300.01,300.01,300.01,300.01,300.01,300.01
rc204.40.3,0.41,0.4,0.45,0.41,0.42,0.43,0.39
rc204.40.5,300.02,300.01,300.01,300.02,300.03,300.02,300.02
rc204.50.10,300.05,300.05,300.03,300.01,300.01,300.03,300.03
rc204.50.15,300.03,300.05,300.04,300.06,300.02,300.03,300.02
rc204.50.20,300.05,300.05,300.04,300.1,300.04,300.04,300.02
rc204.50.25,300.07,300.08,300.06,300.05,300.07,300.04,300.05
rc204.75.10,300.09,300.05,300.05,300.09,300.09,300.13,300.05
rc204.75.15,300.15,300.07,300.09,300.07,300.08,300.1,300.22
rc204.75.20,300.14,300.09,300.08,300.1,300.1,300.18,300.11
rc204.75.25,300.06,300.15,300.09,300.16,300.15,300.06,300.14
rc205.100.10,300.01,300.05,300.03,300.01,300.01,300.03,300.02
rc205.100.15,300.26,300.08,300.11,300.24,300.1,300.12,300.17
rc205.100.20,300.16,300.12,300.19,300.06,300.18,300.17,300.12
rc205.100.25,300.18,300.19,300.16,300.16,300.19,300.2,300.22
rc205.25.3,2.84,1.48,1.87,2.85,2.91,1.39,3.0
rc205.25.5,2.9,2.0,3.54,2.41,2.92,2.06,3.02
rc205.30.10,21.87,20.49,27.2,21.85,22.84,23.52,60.44
rc205.30.15,15.12,20.52,102.35,15.28,18.83,28.31,16.27
rc205.30.20,11.96,21.71,15.22,11.98,13.18,12.12,10.01
rc205.30.25,8.7,7.48,6.65,8.35,8.62,8.34,7.75
rc205.30.3,0.29,0.26,0.29,0.3,0.28,0.31,0.31
rc205.30.5,3.99,7.92,18.53,4.09,4.07,5.48,4.1
rc205.40.3,0.37,0.41,0.41,0.37,0.4,0.39,0.37
rc205.40.5,300.01,300.01,300.01,300.01,300.03,300.04,300.01
rc205.50.10,300.06,300.03,300.03,300.03,300.03,300.04,300.04
rc205.50.15,300.04,300.03,300.05,300.02,300.03,300.03,300.05
rc205.50.20,300.02,300.04,300.04,300.03,300.05,300.05,300.06
rc205.50.25,300.03,300.03,300.06,300.02,300.05,300.02,300.04
rc205.75.10,300.04,300.03,300.05,300.07,300.02,300.04,300.07
rc205.75.15,300.04,300.03,300.06,300.06,300.08,300.13,300.07
rc205.75.20,300.14,300.08,300.08,300.14,300.14,300.07,300.13
rc205.75.25,300.11,300.1,300.03,300.1,300.07,300.06,300.13
rc206.100.10,300.05,300.14,300.08,300.06,300.05,300.14,300.05
rc206.100.15,300.11,300.12,300.11,300.08,300.09,300.11,300.11
rc206.100.20,300.14,300.16,300.1,300.16,300.15,300.16,300.25
rc206.100.25,300.32,300.16,300.22,300.32,300.27,300.26,300.16
rc206.25.3,1.93,2.01,3.63,1.82,1.91,2.09,2.11
rc206.25.5,2.41,1.64,2.12,2.4,2.37,1.83,2.3
rc206.30.10,3.04,2.86,3.51,3.0,3.08,2.77,2.95
rc206.30.15,4.65,4.27,4.96,4.67,4.58,4.18,4.87
rc206.30.20,6.83,6.77,11.22,6.62,6.71,5.61,6.59
rc206.30.25,4.79,4.71,4.6,4.67,4.82,5.44,4.81
rc206.30.3,0.37,0.4,0.39,0.39,0.36,0.37,0.4
rc206.30.5,2.5,3.92,3.78,2.53,2.39,2.12,2.68
rc206.40.3,0.43,0.44,0.47,0.44,0.42,0.41,0.42
rc206.40.5,235.24,120.59,300.01,228.03,145.78,44.72,221.12
rc206.50.10,300.04,300.01,300.03,300.02,300.06,300.06,300.04
rc206.50.15,300.02,300.02,300.01,300.02,300.03,300.04,300.01
rc206.50.20,300.04,300.02,300.05,300.02,300.06,300.04,300.02
rc206.50.25,300.04,300.04,300.03,300.03,300.03,300.03,300.05
rc206.75.10,300.08,300.01,300.09,300.04,300.06,300.05,300.04
rc206.75.15,300.06,300.03,300.11,300.07,300.07,300.03,300.15
rc206.75.20,300.14,300.07,300.09,300.08,300.08,300.08,300.09
rc206.75.25,300.14,300.13,300.11,300.1,300.07,300.04,300.11
rc207.100.10,300.08,300.16,300.07,300.07,300.09,300.13,300.16
rc207.100.15,300.09,300.02,300.11,300.14,300.22,300.16,300.11
rc207.100.20,300.11,300.17,300.14,300.34,300.1,300.14,300.16
rc207.100.25,300.22,300.18,300.14,300.29,300.2,300.23,300.19
rc207.25.3,3.29,3.0,7.39,3.32,3.35,2.21,2.99
rc207.25.5,10.62,5.58,11.44,10.71,9.92,4.44,12.42
rc207.30.10,10.13,8.86,300.01,10.03,10.14,11.91,10.23
rc207.30.15,179.73,167.21,300.01,183.83,67.52,300.02,300.01
rc207.30.20,14.86,11.63,12.98,14.57,13.51,12.18,13.37
rc207.30.25,5.26,9.17,5.72,5.26,5.14,4.91,5.33
rc207.30.3,0.38,0.37,0.38,0.38,0.4,0.37,0.38
rc207.30.5,32.65,22.09,300.01,32.47,65.42,8.92,40.46
rc207.40.3,0.31,0.36,0.35,0.36,0.36,0.3,0.35
rc207.40.5,300.01,300.01,300.01,300.01,300.02,300.02,300.02
rc207.50.10,300.04,300.04,300.03,300.01,300.02,300.03,300.02
rc207.50.15,300.05,300.03,300.05,300.03,300.04,300.04,300.05
rc207.50.20,300.03,300.05,300.06,300.04,300.03,300.03,300.05
rc207.50.25,300.02,300.05,300.02,300.04,300.07,300.02,300.02
rc207.75.10,300.03,300.09,300.03,300.07,300.05,300.12,300.02
rc207.75.15,300.19,300.09,300.08,300.2,300.14,300.04,300.18
rc207.75.20,300.19,300.03,300.1,300.14,300.11,300.07,300.13
rc207.75.25,300.14,300.11,300.14,300.14,300.11,300.11,300.17
rc208.100.10,300.16,300.09,300.07,300.09,300.13,300.08,300.12
rc208.100.15,300.19,300.1,300.18,300.21,300.31,300.08,300.22
rc208.100.20,300.14,300.18,300.17,300.16,300.09,300.16,300.2
rc208.100.25,300.2,300.26,300.27,300.13,300.23,300.31,300.25
rc208.25.3,85.85,27.55,121.05,83.91,104.57,8.8,118.25
rc208.25.5,13.58,14.56,89.57,124.18,31.44,14.23,19.54
rc208.30.10,300.01,300.01,300.01,300.02,300.01,223.46,300.01
rc208.30.15,300.01,300.01,300.02,300.02,300.02,300.01,300.01
rc208.30.20,106.57,213.68,300.02,106.44,90.1,215.37,168.45
rc208.30.25,6.13,5.04,4.29,6.03,6.01,5.4,5.83
rc208.30.3,0.49,0.42,0.42,0.43,0.4,0.43,0.43
rc208.30.5,300.01,300.0,300.01,300.0,300.01,300.01,300.0
rc208.40.3,0.38,0.38,0.37,0.38,0.36,0.4,0.35
rc208.40.5,300.02,300.01,300.03,300.02,300.0,300.01,300.03
rc208.50.10,300.06,300.02,300.02,300.03,300.07,300.05,300.04
rc208.50.15,300.04,300.02,300.05,300.01,300.05,300.05,300.05
rc208.50.20,300.07,300.04,300.06,300.06,300.03,300.09,300.09
rc208.50.25,300.04,300.04,300.03,300.04,300.09,300.05,300.02
rc208.75.10,300.01,300.06,300.07,300.02,300.02,300.06,300.02
rc208.75.15,300.15,300.11,300.06,300.15,300.1,300.16,300.11
rc208.75.20,300.11,300.1,300.06,300.15,300.1,300.11,300.09
rc208.75.25,300.22,300.17,300.08,300.16,300.15,300.06,300.13
