Log Name,File Name,c_i,c_d,c_p
test1379017.run0000.c101.100.10.log,c101.100.10,820.6072,820.6072,1e+30
test1379017.run0001.c101.100.15.log,c101.100.15,933.2961,933.2961,1e+30
test1379017.run0002.c101.100.20.log,c101.100.20,1074.618,1074.618,1e+30
test1379017.run0003.c101.100.25.log,c101.100.25,1229.327,1229.327,1e+30
test1379017.run0004.c101.25.3.log,c101.25.3,191.8136,191.8136,367.736
test1379017.run0005.c101.25.5.log,c101.25.5,232.1772,232.1772,313.1406
test1379017.run0006.c101.30.10.log,c101.30.10,382.8571,382.8571,580.7931
test1379017.run0007.c101.30.15.log,c101.30.15,539.6898,539.6898,891.4447
test1379017.run0008.c101.30.20.log,c101.30.20,715.2317,715.2317,929.644
test1379017.run0009.c101.30.25.log,c101.30.25,951.7413,951.7413,1080.29
test1379017.run0010.c101.30.3.log,c101.30.3,206.1765,206.1765,1e+30
test1379017.run0011.c101.30.5.log,c101.30.5,246.5401,246.5401,1e+30
test1379017.run0012.c101.40.3.log,c101.40.3,1e+30,1e+30,1e+30
test1379017.run0013.c101.40.5.log,c101.40.5,343.4361,343.4361,1e+30
test1379017.run0014.c101.50.10.log,c101.50.10,479.72,479.72,717.899
test1379017.run0015.c101.50.15.log,c101.50.15,631.717,631.717,1e+30
test1379017.run0016.c101.50.20.log,c101.50.20,799.0963,799.0963,1052.819
test1379017.run0017.c101.50.25.log,c101.50.25,976.4001,976.4001,1326.092
test1379017.run0018.c101.75.10.log,c101.75.10,687.2766,687.2766,1e+30
test1379017.run0019.c101.75.15.log,c101.75.15,812.5832,812.5832,1e+30
test1379017.run0020.c101.75.20.log,c101.75.20,961.4306,961.4306,1e+30
test1379017.run0021.c101.75.25.log,c101.75.25,1120.03,1120.03,1e+30
test1379017.run0022.c102.100.10.log,c102.100.10,754.1035,754.1035,1e+30
test1379017.run0023.c102.100.15.log,c102.100.15,879.6229,879.6229,1e+30
test1379017.run0024.c102.100.20.log,c102.100.20,1026.768,1026.768,1e+30
test1379017.run0025.c102.100.25.log,c102.100.25,1183.012,1183.012,1e+30
test1379017.run0026.c102.25.3.log,c102.25.3,172.5075,172.5075,1e+30
test1379017.run0027.c102.25.5.log,c102.25.5,214.6284,214.6284,610.5947
test1379017.run0028.c102.30.10.log,c102.30.10,373.1411,373.1411,1e+30
test1379017.run0029.c102.30.15.log,c102.30.15,532.9842,532.9842,925.2705
test1379017.run0030.c102.30.20.log,c102.30.20,712.258,712.258,1075.104
test1379017.run0031.c102.30.25.log,c102.30.25,949.718,949.718,1e+30
test1379017.run0032.c102.30.3.log,c102.30.3,186.8704,186.8704,1e+30
test1379017.run0033.c102.30.5.log,c102.30.5,229.3995,229.3995,1e+30
test1379017.run0034.c102.40.3.log,c102.40.3,1e+30,1e+30,1e+30
test1379017.run0035.c102.40.5.log,c102.40.5,315.3132,315.3132,1e+30
test1379017.run0036.c102.50.10.log,c102.50.10,463.6114,463.6114,1e+30
test1379017.run0037.c102.50.15.log,c102.50.15,618.2148,618.2148,1e+30
test1379017.run0038.c102.50.20.log,c102.50.20,788.7636,788.7636,1546.828
test1379017.run0039.c102.50.25.log,c102.50.25,970.9233,970.9233,1e+30
test1379017.run0040.c102.75.10.log,c102.75.10,658.6003,658.6003,1e+30
test1379017.run0041.c102.75.15.log,c102.75.15,791.6685,791.6685,1e+30
test1379017.run0042.c102.75.20.log,c102.75.20,943.1127,943.1127,1e+30
test1379017.run0043.c102.75.25.log,c102.75.25,1101.676,1101.676,1e+30
test1379017.run0044.c103.100.10.log,c103.100.10,585.7467,585.7467,1e+30
test1379017.run0045.c103.100.15.log,c103.100.15,729.6095,729.6095,1e+30
test1379017.run0046.c103.100.20.log,c103.100.20,884.5791,884.5791,1e+30
test1379017.run0047.c103.100.25.log,c103.100.25,1051.184,1051.184,1e+30
test1379017.run0048.c103.25.3.log,c103.25.3,162.9816,162.9816,1e+30
test1379017.run0049.c103.25.5.log,c103.25.5,205.5107,205.5107,500.8838
test1379017.run0050.c103.30.10.log,c103.30.10,366.1575,366.1575,710.2831
test1379017.run0051.c103.30.15.log,c103.30.15,527.421,527.421,838.6053
test1379017.run0052.c103.30.20.log,c103.30.20,706.246,706.246,1e+30
test1379017.run0053.c103.30.25.log,c103.30.25,949.0178,949.0178,1e+30
test1379017.run0054.c103.30.3.log,c103.30.3,177.5751,177.5751,1e+30
test1379017.run0055.c103.30.5.log,c103.30.5,222.3391,222.3391,1e+30
test1379017.run0056.c103.40.3.log,c103.40.3,1e+30,1e+30,1e+30
test1379017.run0057.c103.40.5.log,c103.40.5,272.338,272.338,1e+30
test1379017.run0058.c103.50.10.log,c103.50.10,425.0482,425.0482,1e+30
test1379017.run0059.c103.50.15.log,c103.50.15,583.3372,583.3372,1e+30
test1379017.run0060.c103.50.20.log,c103.50.20,757.5334,757.5334,1e+30
test1379017.run0061.c103.50.25.log,c103.50.25,938.6201,938.6201,1678.17
test1379017.run0062.c103.75.10.log,c103.75.10,497.6114,497.6114,1e+30
test1379017.run0063.c103.75.15.log,c103.75.15,641.4741,641.4741,1e+30
test1379017.run0064.c103.75.20.log,c103.75.20,796.4437,796.4437,1e+30
test1379017.run0065.c103.75.25.log,c103.75.25,963.0487,963.0487,2737.444
test1379017.run0066.c104.100.10.log,c104.100.10,573.6306,573.6306,1e+30
test1379017.run0067.c104.100.15.log,c104.100.15,718.9614,718.9614,1e+30
test1379017.run0068.c104.100.20.log,c104.100.20,875.545,875.545,1e+30
test1379017.run0069.c104.100.25.log,c104.100.25,1042.671,1042.671,1e+30
test1379017.run0070.c104.25.3.log,c104.25.3,159.4118,159.4118,378.9561
test1379017.run0071.c104.25.5.log,c104.25.5,203.7428,203.7428,1e+30
test1379017.run0072.c104.30.10.log,c104.30.10,363.4508,363.4508,828.4598
test1379017.run0073.c104.30.15.log,c104.30.15,527.421,527.421,966.0227
test1379017.run0074.c104.30.20.log,c104.30.20,706.246,706.246,946.3616
test1379017.run0075.c104.30.25.log,c104.30.25,949.0178,949.0178,1191.969
test1379017.run0076.c104.30.3.log,c104.30.3,175.8073,175.8073,1e+30
test1379017.run0077.c104.30.5.log,c104.30.5,220.5713,220.5713,1e+30
test1379017.run0078.c104.40.3.log,c104.40.3,1e+30,1e+30,1e+30
test1379017.run0079.c104.40.5.log,c104.40.5,270.5702,270.5702,1e+30
test1379017.run0080.c104.50.10.log,c104.50.10,421.7666,421.7666,1e+30
test1379017.run0081.c104.50.15.log,c104.50.15,581.8093,581.8093,1486.431
test1379017.run0082.c104.50.20.log,c104.50.20,755.7262,755.7262,1843.668
test1379017.run0083.c104.50.25.log,c104.50.25,937.8577,937.8577,1886.476
test1379017.run0084.c104.75.10.log,c104.75.10,489.6643,489.6643,1e+30
test1379017.run0085.c104.75.15.log,c104.75.15,634.9951,634.9951,1e+30
test1379017.run0086.c104.75.20.log,c104.75.20,791.5786,791.5786,2566.67
test1379017.run0087.c104.75.25.log,c104.75.25,958.7051,958.7051,1e+30
test1379017.run0088.c105.100.10.log,c105.100.10,819.0075,819.0075,1e+30
test1379017.run0089.c105.100.15.log,c105.100.15,931.6965,931.6965,1e+30
test1379017.run0090.c105.100.20.log,c105.100.20,1073.143,1073.143,1e+30
test1379017.run0091.c105.100.25.log,c105.100.25,1227.86,1227.86,3235.549
test1379017.run0092.c105.25.3.log,c105.25.3,191.6809,191.6809,1e+30
test1379017.run0093.c105.25.5.log,c105.25.5,232.0444,232.0444,1e+30
test1379017.run0094.c105.30.10.log,c105.30.10,382.8498,382.8498,682.3331
test1379017.run0095.c105.30.15.log,c105.30.15,539.6898,539.6898,823.6382
test1379017.run0096.c105.30.20.log,c105.30.20,715.2317,715.2317,961.8924
test1379017.run0097.c105.30.25.log,c105.30.25,951.7413,951.7413,1e+30
test1379017.run0098.c105.30.3.log,c105.30.3,206.0438,206.0438,1e+30
test1379017.run0099.c105.30.5.log,c105.30.5,246.4073,246.4073,1e+30
test1379017.run0100.c105.40.3.log,c105.40.3,1e+30,1e+30,1e+30
test1379017.run0101.c105.40.5.log,c105.40.5,341.8364,341.8364,1e+30
test1379017.run0102.c105.50.10.log,c105.50.10,478.1204,478.1204,615.7859
test1379017.run0103.c105.50.15.log,c105.50.15,630.25,630.25,1529.946
test1379017.run0104.c105.50.20.log,c105.50.20,797.6294,797.6294,1e+30
test1379017.run0105.c105.50.25.log,c105.50.25,974.9331,974.9331,1803.604
test1379017.run0106.c105.75.10.log,c105.75.10,685.6769,685.6769,1e+30
test1379017.run0107.c105.75.15.log,c105.75.15,810.9836,810.9836,1e+30
test1379017.run0108.c105.75.20.log,c105.75.20,959.9636,959.9636,1e+30
test1379017.run0109.c105.75.25.log,c105.75.25,1118.563,1118.563,2620.255
test1379017.run0110.c106.100.10.log,c106.100.10,697.2234,697.2234,1e+30
test1379017.run0111.c106.100.15.log,c106.100.15,827.2986,827.2986,1e+30
test1379017.run0112.c106.100.20.log,c106.100.20,978.9601,978.9601,2940.13
test1379017.run0113.c106.100.25.log,c106.100.25,1136.281,1136.281,4050.781
test1379017.run0114.c106.25.3.log,c106.25.3,191.8136,191.8136,298.4884
test1379017.run0115.c106.25.5.log,c106.25.5,232.1772,232.1772,1e+30
test1379017.run0116.c106.30.10.log,c106.30.10,382.8571,382.8571,581.4746
test1379017.run0117.c106.30.15.log,c106.30.15,539.6898,539.6898,843.8873
test1379017.run0118.c106.30.20.log,c106.30.20,715.2317,715.2317,952.4429
test1379017.run0119.c106.30.25.log,c106.30.25,951.7413,951.7413,1e+30
test1379017.run0120.c106.30.3.log,c106.30.3,206.1765,206.1765,1e+30
test1379017.run0121.c106.30.5.log,c106.30.5,246.5401,246.5401,316.9938
test1379017.run0122.c106.40.3.log,c106.40.3,1e+30,1e+30,1e+30
test1379017.run0123.c106.40.5.log,c106.40.5,341.9692,341.9692,1e+30
test1379017.run0124.c106.50.10.log,c106.50.10,478.2531,478.2531,753.854
test1379017.run0125.c106.50.15.log,c106.50.15,630.25,630.25,846.3429
test1379017.run0126.c106.50.20.log,c106.50.20,797.6294,797.6294,1e+30
test1379017.run0127.c106.50.25.log,c106.50.25,974.9331,974.9331,1e+30
test1379017.run0128.c106.75.10.log,c106.75.10,602.2825,602.2825,1e+30
test1379017.run0129.c106.75.15.log,c106.75.15,732.3577,732.3577,1e+30
test1379017.run0130.c106.75.20.log,c106.75.20,884.0192,884.0192,1e+30
test1379017.run0131.c106.75.25.log,c106.75.25,1042.975,1042.975,1e+30
test1379017.run0132.c107.100.10.log,c107.100.10,819.0075,819.0075,1e+30
test1379017.run0133.c107.100.15.log,c107.100.15,931.6965,931.6965,1e+30
test1379017.run0134.c107.100.20.log,c107.100.20,1073.143,1073.143,1e+30
test1379017.run0135.c107.100.25.log,c107.100.25,1227.86,1227.86,1e+30
test1379017.run0136.c107.25.3.log,c107.25.3,191.6809,191.6809,1e+30
test1379017.run0137.c107.25.5.log,c107.25.5,232.0444,232.0444,1e+30
test1379017.run0138.c107.30.10.log,c107.30.10,382.8498,382.8498,697.229
test1379017.run0139.c107.30.15.log,c107.30.15,539.6898,539.6898,845.0816
test1379017.run0140.c107.30.20.log,c107.30.20,715.2317,715.2317,936.1457
test1379017.run0141.c107.30.25.log,c107.30.25,951.7413,951.7413,951.7413
test1379017.run0142.c107.30.3.log,c107.30.3,206.0438,206.0438,1e+30
test1379017.run0143.c107.30.5.log,c107.30.5,246.4073,246.4073,1e+30
test1379017.run0144.c107.40.3.log,c107.40.3,1e+30,1e+30,1e+30
test1379017.run0145.c107.40.5.log,c107.40.5,341.8364,341.8364,1e+30
test1379017.run0146.c107.50.10.log,c107.50.10,478.1204,478.1204,1385.895
test1379017.run0147.c107.50.15.log,c107.50.15,630.25,630.25,1696.763
test1379017.run0148.c107.50.20.log,c107.50.20,797.6294,797.6294,1e+30
test1379017.run0149.c107.50.25.log,c107.50.25,974.9331,974.9331,1e+30
test1379017.run0150.c107.75.10.log,c107.75.10,683.8128,683.8128,1e+30
test1379017.run0151.c107.75.15.log,c107.75.15,809.1194,809.1194,1e+30
test1379017.run0152.c107.75.20.log,c107.75.20,958.0995,958.0995,1e+30
test1379017.run0153.c107.75.25.log,c107.75.25,1116.699,1116.699,1e+30
test1379017.run0154.c108.100.10.log,c108.100.10,563.1685,563.1685,1e+30
test1379017.run0155.c108.100.15.log,c108.100.15,710.4961,710.4961,1e+30
test1379017.run0156.c108.100.20.log,c108.100.20,866.7696,866.7696,1e+30
test1379017.run0157.c108.100.25.log,c108.100.25,1035.46,1035.46,1e+30
test1379017.run0158.c108.25.3.log,c108.25.3,130.4228,130.4228,1e+30
test1379017.run0159.c108.25.5.log,c108.25.5,180.7211,180.7211,1e+30
test1379017.run0160.c108.30.10.log,c108.30.10,342.9521,342.9521,739.3418
test1379017.run0161.c108.30.15.log,c108.30.15,508.3294,508.3294,1015.107
test1379017.run0162.c108.30.20.log,c108.30.20,687.8832,687.8832,983.8557
test1379017.run0163.c108.30.25.log,c108.30.25,949.0178,949.0178,1e+30
test1379017.run0164.c108.30.3.log,c108.30.3,145.7994,145.7994,1e+30
test1379017.run0165.c108.30.5.log,c108.30.5,196.5883,196.5883,1e+30
test1379017.run0166.c108.40.3.log,c108.40.3,1e+30,1e+30,1e+30
test1379017.run0167.c108.40.5.log,c108.40.5,243.033,243.033,1e+30
test1379017.run0168.c108.50.10.log,c108.50.10,404.1592,404.1592,1e+30
test1379017.run0169.c108.50.15.log,c108.50.15,564.8328,564.8328,1e+30
test1379017.run0170.c108.50.20.log,c108.50.20,738.1079,738.1079,1e+30
test1379017.run0171.c108.50.25.log,c108.50.25,921.5065,921.5065,1661.623
test1379017.run0172.c108.75.10.log,c108.75.10,470.2652,470.2652,1e+30
test1379017.run0173.c108.75.15.log,c108.75.15,617.5928,617.5928,1e+30
test1379017.run0174.c108.75.20.log,c108.75.20,775.6715,775.6715,2697.05
test1379017.run0175.c108.75.25.log,c108.75.25,946.2029,946.2029,2820.409
test1379017.run0176.c109.100.10.log,c109.100.10,562.4783,562.4783,1e+30
test1379017.run0177.c109.100.15.log,c109.100.15,709.5718,709.5718,1e+30
test1379017.run0178.c109.100.20.log,c109.100.20,864.8203,864.8203,1e+30
test1379017.run0179.c109.100.25.log,c109.100.25,1034.696,1034.696,4210.99
test1379017.run0180.c109.25.3.log,c109.25.3,130.4228,130.4228,405.8112
test1379017.run0181.c109.25.5.log,c109.25.5,180.7211,180.7211,434.3773
test1379017.run0182.c109.30.10.log,c109.30.10,342.7917,342.7917,697.721
test1379017.run0183.c109.30.15.log,c109.30.15,508.3294,508.3294,964.154
test1379017.run0184.c109.30.20.log,c109.30.20,687.8832,687.8832,853.0829
test1379017.run0185.c109.30.25.log,c109.30.25,949.0178,949.0178,1e+30
test1379017.run0186.c109.30.3.log,c109.30.3,145.7994,145.7994,1e+30
test1379017.run0187.c109.30.5.log,c109.30.5,196.5883,196.5883,507.0101
test1379017.run0188.c109.40.3.log,c109.40.3,1e+30,1e+30,1e+30
test1379017.run0189.c109.40.5.log,c109.40.5,243.033,243.033,1e+30
test1379017.run0190.c109.50.10.log,c109.50.10,400.1545,400.1545,1240.839
test1379017.run0191.c109.50.15.log,c109.50.15,561.354,561.354,1427.397
test1379017.run0192.c109.50.20.log,c109.50.20,736.6346,736.6346,1587.612
test1379017.run0193.c109.50.25.log,c109.50.25,919.4948,919.4948,1578.414
test1379017.run0194.c109.75.10.log,c109.75.10,469.5751,469.5751,1e+30
test1379017.run0195.c109.75.15.log,c109.75.15,616.6686,616.6686,2466.4
test1379017.run0196.c109.75.20.log,c109.75.20,773.9177,773.9177,2749.635
test1379017.run0197.c109.75.25.log,c109.75.25,945.439,945.439,2751.743
test1379017.run0198.c201.100.10.log,c201.100.10,735.58,735.58,1e+30
test1379017.run0199.c201.100.15.log,c201.100.15,877.7816,877.7816,3962.938
test1379017.run0200.c201.100.20.log,c201.100.20,1040.555,1040.555,1e+30
test1379017.run0201.c201.100.25.log,c201.100.25,1215.604,1215.604,1e+30
test1379017.run0202.c201.25.3.log,c201.25.3,233.2095,233.2095,1e+30
test1379017.run0203.c201.25.5.log,c201.25.5,274.8888,274.8888,494.578
test1379017.run0204.c201.30.10.log,c201.30.10,442.4107,442.4107,615.7309
test1379017.run0205.c201.30.15.log,c201.30.15,629.7894,629.7894,881.9895
test1379017.run0206.c201.30.20.log,c201.30.20,869.8175,869.8175,1099.343
test1379017.run0207.c201.30.25.log,c201.30.25,1170.679,1170.679,1170.679
test1379017.run0208.c201.30.3.log,c201.30.3,251.0652,251.0652,1e+30
test1379017.run0209.c201.30.5.log,c201.30.5,292.7445,292.7445,497.8701
test1379017.run0210.c201.40.3.log,c201.40.3,1e+30,1e+30,1e+30
test1379017.run0211.c201.40.5.log,c201.40.5,367.5196,367.5196,559.0078
test1379017.run0212.c201.50.10.log,c201.50.10,525.2985,525.2985,1065.053
test1379017.run0213.c201.50.15.log,c201.50.15,692.2609,692.2609,1136.602
test1379017.run0214.c201.50.20.log,c201.50.20,876.0846,876.0846,1879.402
test1379017.run0215.c201.50.25.log,c201.50.25,1091.357,1091.357,2098.998
test1379017.run0216.c201.75.10.log,c201.75.10,665.9048,665.9048,1e+30
test1379017.run0217.c201.75.15.log,c201.75.15,812.285,812.285,2608.006
test1379017.run0218.c201.75.20.log,c201.75.20,977.9512,977.9512,1e+30
test1379017.run0219.c201.75.25.log,c201.75.25,1155.428,1155.428,1e+30
test1379017.run0220.c202.100.10.log,c202.100.10,708.3079,708.3079,3646.712
test1379017.run0221.c202.100.15.log,c202.100.15,852.3505,852.3505,3801.776
test1379017.run0222.c202.100.20.log,c202.100.20,1014.086,1014.086,4202.331
test1379017.run0223.c202.100.25.log,c202.100.25,1190.422,1190.422,1e+30
test1379017.run0224.c202.25.3.log,c202.25.3,212.1806,212.1806,556.0454
test1379017.run0225.c202.25.5.log,c202.25.5,258.0827,258.0827,552.5392
test1379017.run0226.c202.30.10.log,c202.30.10,431.962,431.962,822.6067
test1379017.run0227.c202.30.15.log,c202.30.15,618.5829,618.5829,1078.283
test1379017.run0228.c202.30.20.log,c202.30.20,860.7096,860.7096,1201.749
test1379017.run0229.c202.30.25.log,c202.30.25,1166.536,1166.536,1e+30
test1379017.run0230.c202.30.3.log,c202.30.3,230.0363,230.0363,1e+30
test1379017.run0231.c202.30.5.log,c202.30.5,275.9385,275.9385,1e+30
test1379017.run0232.c202.40.3.log,c202.40.3,1e+30,1e+30,1e+30
test1379017.run0233.c202.40.5.log,c202.40.5,347.2796,347.2796,1e+30
test1379017.run0234.c202.50.10.log,c202.50.10,509.2157,509.2157,1e+30
test1379017.run0235.c202.50.15.log,c202.50.15,678.4507,678.4507,1692.377
test1379017.run0236.c202.50.20.log,c202.50.20,863.4412,863.4412,1e+30
test1379017.run0237.c202.50.25.log,c202.50.25,1081.75,1081.75,1963.971
test1379017.run0238.c202.75.10.log,c202.75.10,646.6441,646.6441,1e+30
test1379017.run0239.c202.75.15.log,c202.75.15,791.9708,791.9708,2355.843
test1379017.run0240.c202.75.20.log,c202.75.20,960.368,960.368,2738.938
test1379017.run0241.c202.75.25.log,c202.75.25,1137.973,1137.973,1e+30
test1379017.run0242.c203.100.10.log,c203.100.10,690.5217,690.5217,3612.655
test1379017.run0243.c203.100.15.log,c203.100.15,838.2887,838.2887,1e+30
test1379017.run0244.c203.100.20.log,c203.100.20,999.8637,999.8637,3720.449
test1379017.run0245.c203.100.25.log,c203.100.25,1176.315,1176.315,1e+30
test1379017.run0246.c203.25.3.log,c203.25.3,206.74,206.74,603.7794
test1379017.run0247.c203.25.5.log,c203.25.5,252.6422,252.6422,516.7697
test1379017.run0248.c203.30.10.log,c203.30.10,426.155,426.155,945.9843
test1379017.run0249.c203.30.15.log,c203.30.15,613.1421,613.1421,899.7971
test1379017.run0250.c203.30.20.log,c203.30.20,855.9919,855.9919,1130.457
test1379017.run0251.c203.30.25.log,c203.30.25,1165.836,1165.836,1e+30
test1379017.run0252.c203.30.3.log,c203.30.3,224.2293,224.2293,547.9936
test1379017.run0253.c203.30.5.log,c203.30.5,270.1315,270.1315,716.6383
test1379017.run0254.c203.40.3.log,c203.40.3,1e+30,1e+30,1e+30
test1379017.run0255.c203.40.5.log,c203.40.5,341.565,341.565,1e+30
test1379017.run0256.c203.50.10.log,c203.50.10,498.4156,498.4156,1e+30
test1379017.run0257.c203.50.15.log,c203.50.15,668.796,668.796,1614.795
test1379017.run0258.c203.50.20.log,c203.50.20,855.4903,855.4903,1696.41
test1379017.run0259.c203.50.25.log,c203.50.25,1070.868,1070.868,1966.944
test1379017.run0260.c203.75.10.log,c203.75.10,567.1128,567.1128,2193.629
test1379017.run0261.c203.75.15.log,c203.75.15,716.0871,716.0871,2589.767
test1379017.run0262.c203.75.20.log,c203.75.20,882.7536,882.7536,1e+30
test1379017.run0263.c203.75.25.log,c203.75.25,1062.316,1062.316,3066.222
test1379017.run0264.c204.100.10.log,c204.100.10,674.1715,674.1715,1e+30
test1379017.run0265.c204.100.15.log,c204.100.15,826.3779,826.3779,3281.68
test1379017.run0266.c204.100.20.log,c204.100.20,988.2965,988.2965,3496.713
test1379017.run0267.c204.100.25.log,c204.100.25,1164.748,1164.748,3742.807
test1379017.run0268.c204.25.3.log,c204.25.3,202.3949,202.3949,492.3956
test1379017.run0269.c204.25.5.log,c204.25.5,246.9277,246.9277,715.138
test1379017.run0270.c204.30.10.log,c204.30.10,424.5402,424.5402,829.4313
test1379017.run0271.c204.30.15.log,c204.30.15,611.238,611.238,976.1322
test1379017.run0272.c204.30.20.log,c204.30.20,854.3771,854.3771,1075.067
test1379017.run0273.c204.30.25.log,c204.30.25,1165.836,1165.836,1310.782
test1379017.run0274.c204.30.3.log,c204.30.3,222.6145,222.6145,1e+30
test1379017.run0275.c204.30.5.log,c204.30.5,268.5167,268.5167,1e+30
test1379017.run0276.c204.40.3.log,c204.40.3,1e+30,1e+30,1e+30
test1379017.run0277.c204.40.5.log,c204.40.5,337.4437,337.4437,1e+30
test1379017.run0278.c204.50.10.log,c204.50.10,489.7196,489.7196,1e+30
test1379017.run0279.c204.50.15.log,c204.50.15,662.792,662.792,1637.501
test1379017.run0280.c204.50.20.log,c204.50.20,852.0234,852.0234,1892.495
test1379017.run0281.c204.50.25.log,c204.50.25,1065.662,1065.662,1715.799
test1379017.run0282.c204.75.10.log,c204.75.10,555.9026,555.9026,2109.866
test1379017.run0283.c204.75.15.log,c204.75.15,708.4165,708.4165,2305.206
test1379017.run0284.c204.75.20.log,c204.75.20,875.3211,875.3211,2561.95
test1379017.run0285.c204.75.25.log,c204.75.25,1054.525,1054.525,2845.473
test1379017.run0286.c205.100.10.log,c205.100.10,689.1115,689.1115,1e+30
test1379017.run0287.c205.100.15.log,c205.100.15,839.097,839.097,3742.429
test1379017.run0288.c205.100.20.log,c205.100.20,1002.579,1002.579,4109.199
test1379017.run0289.c205.100.25.log,c205.100.25,1177.338,1177.338,3962.287
test1379017.run0290.c205.25.3.log,c205.25.3,211.8727,211.8727,1e+30
test1379017.run0291.c205.25.5.log,c205.25.5,250.1046,250.1046,1e+30
test1379017.run0292.c205.30.10.log,c205.30.10,426.1555,426.1555,664.6603
test1379017.run0293.c205.30.15.log,c205.30.15,618.5474,618.5474,1e+30
test1379017.run0294.c205.30.20.log,c205.30.20,856.7622,856.7622,1e+30
test1379017.run0295.c205.30.25.log,c205.30.25,1166.536,1166.536,1e+30
test1379017.run0296.c205.30.3.log,c205.30.3,226.3407,226.3407,1e+30
test1379017.run0297.c205.30.5.log,c205.30.5,268.0122,268.0122,500.0922
test1379017.run0298.c205.40.3.log,c205.40.3,1e+30,1e+30,1e+30
test1379017.run0299.c205.40.5.log,c205.40.5,340.6021,340.6021,1e+30
test1379017.run0300.c205.50.10.log,c205.50.10,498.9777,498.9777,1622.782
test1379017.run0301.c205.50.15.log,c205.50.15,672.2423,672.2423,1953.386
test1379017.run0302.c205.50.20.log,c205.50.20,861.0558,861.0558,1844.274
test1379017.run0303.c205.50.25.log,c205.50.25,1070.048,1070.048,2106.09
test1379017.run0304.c205.75.10.log,c205.75.10,557.8287,557.8287,2530.308
test1379017.run0305.c205.75.15.log,c205.75.15,711.8518,711.8518,1e+30
test1379017.run0306.c205.75.20.log,c205.75.20,881.7597,881.7597,1e+30
test1379017.run0307.c205.75.25.log,c205.75.25,1061.962,1061.962,1e+30
test1379017.run0308.c206.100.10.log,c206.100.10,685.4923,685.4923,3247.743
test1379017.run0309.c206.100.15.log,c206.100.15,836.7311,836.7311,1e+30
test1379017.run0310.c206.100.20.log,c206.100.20,1000.213,1000.213,3808.896
test1379017.run0311.c206.100.25.log,c206.100.25,1174.608,1174.608,3546.982
test1379017.run0312.c206.25.3.log,c206.25.3,208.2955,208.2955,1e+30
test1379017.run0313.c206.25.5.log,c206.25.5,249.0335,249.0335,1e+30
test1379017.run0314.c206.30.10.log,c206.30.10,425.3852,425.3852,1e+30
test1379017.run0315.c206.30.15.log,c206.30.15,617.7771,617.7771,913.3094
test1379017.run0316.c206.30.20.log,c206.30.20,855.9919,855.9919,1110.916
test1379017.run0317.c206.30.25.log,c206.30.25,1166.536,1166.536,1e+30
test1379017.run0318.c206.30.3.log,c206.30.3,225.5704,225.5704,1e+30
test1379017.run0319.c206.30.5.log,c206.30.5,267.2419,267.2419,1e+30
test1379017.run0320.c206.40.3.log,c206.40.3,1e+30,1e+30,1e+30
test1379017.run0321.c206.40.5.log,c206.40.5,337.8317,337.8317,1e+30
test1379017.run0322.c206.50.10.log,c206.50.10,497.4607,497.4607,1399.644
test1379017.run0323.c206.50.15.log,c206.50.15,670.361,670.361,1713.668
test1379017.run0324.c206.50.20.log,c206.50.20,860.2855,860.2855,1e+30
test1379017.run0325.c206.50.25.log,c206.50.25,1067.277,1067.277,1887.924
test1379017.run0326.c206.75.10.log,c206.75.10,555.0583,555.0583,2227.901
test1379017.run0327.c206.75.15.log,c206.75.15,710.3347,710.3347,2500.799
test1379017.run0328.c206.75.20.log,c206.75.20,880.1624,880.1624,2950.058
test1379017.run0329.c206.75.25.log,c206.75.25,1060.871,1060.871,3067.067
test1379017.run0330.c207.100.10.log,c207.100.10,684.7264,684.7264,1e+30
test1379017.run0331.c207.100.15.log,c207.100.15,835.9651,835.9651,3400.14
test1379017.run0332.c207.100.20.log,c207.100.20,0.0,0.0,3757.155
test1379017.run0333.c207.100.25.log,c207.100.25,1173.473,1173.473,4009.849
test1379017.run0334.c207.25.3.log,c207.25.3,201.1171,201.1171,1e+30
test1379017.run0335.c207.25.5.log,c207.25.5,239.8095,239.8095,1e+30
test1379017.run0336.c207.30.10.log,c207.30.10,422.0248,422.0248,1e+30
test1379017.run0337.c207.30.15.log,c207.30.15,614.4167,614.4167,1137.095
test1379017.run0338.c207.30.20.log,c207.30.20,854.3771,854.3771,1e+30
test1379017.run0339.c207.30.25.log,c207.30.25,1165.836,1165.836,1e+30
test1379017.run0340.c207.30.3.log,c207.30.3,223.4378,223.4378,1e+30
test1379017.run0341.c207.30.5.log,c207.30.5,263.8815,263.8815,1e+30
test1379017.run0342.c207.40.3.log,c207.40.3,1e+30,1e+30,1e+30
test1379017.run0343.c207.40.5.log,c207.40.5,336.2169,336.2169,956.6637
test1379017.run0344.c207.50.10.log,c207.50.10,495.8458,495.8458,1414.641
test1379017.run0345.c207.50.15.log,c207.50.15,668.7461,668.7461,1734.733
test1379017.run0346.c207.50.20.log,c207.50.20,858.6706,858.6706,2006.884
test1379017.run0347.c207.50.25.log,c207.50.25,1065.662,1065.662,1693.807
test1379017.run0348.c207.75.10.log,c207.75.10,553.4435,553.4435,2245.993
test1379017.run0349.c207.75.15.log,c207.75.15,708.7199,708.7199,2682.285
test1379017.run0350.c207.75.20.log,c207.75.20,878.2613,878.2613,2988.35
test1379017.run0351.c207.75.25.log,c207.75.25,1059.156,1059.156,3057.119
test1379017.run0352.c208.100.10.log,c208.100.10,681.059,681.059,2976.455
test1379017.run0353.c208.100.15.log,c208.100.15,832.2978,832.2978,3606.148
test1379017.run0354.c208.100.20.log,c208.100.20,995.8526,995.8526,1e+30
test1379017.run0355.c208.100.25.log,c208.100.25,1170.391,1170.391,3776.549
test1379017.run0356.c208.25.3.log,c208.25.3,202.5734,202.5734,1e+30
test1379017.run0357.c208.25.5.log,c208.25.5,241.2658,241.2658,1e+30
test1379017.run0358.c208.30.10.log,c208.30.10,423.4811,423.4811,1e+30
test1379017.run0359.c208.30.15.log,c208.30.15,615.8729,615.8729,1028.819
test1379017.run0360.c208.30.20.log,c208.30.20,854.3771,854.3771,1206.23
test1379017.run0361.c208.30.25.log,c208.30.25,1165.836,1165.836,1e+30
test1379017.run0362.c208.30.3.log,c208.30.3,223.6662,223.6662,1e+30
test1379017.run0363.c208.30.5.log,c208.30.5,265.3378,265.3378,1e+30
test1379017.run0364.c208.40.3.log,c208.40.3,1e+30,1e+30,1e+30
test1379017.run0365.c208.40.5.log,c208.40.5,336.2169,336.2169,1063.391
test1379017.run0366.c208.50.10.log,c208.50.10,495.8458,495.8458,1e+30
test1379017.run0367.c208.50.15.log,c208.50.15,668.7461,668.7461,1690.807
test1379017.run0368.c208.50.20.log,c208.50.20,858.6706,858.6706,1941.004
test1379017.run0369.c208.50.25.log,c208.50.25,1065.662,1065.662,2178.638
test1379017.run0370.c208.75.10.log,c208.75.10,551.2274,551.2274,1e+30
test1379017.run0371.c208.75.15.log,c208.75.15,706.5037,706.5037,2979.144
test1379017.run0372.c208.75.20.log,c208.75.20,876.5475,876.5475,2436.616
test1379017.run0373.c208.75.25.log,c208.75.25,1057.257,1057.257,3068.006
test1379017.run0374.r101.100.10.log,r101.100.10,1e+30,1e+30,1e+30
test1379017.run0375.r101.100.15.log,r101.100.15,1e+30,1e+30,1e+30
test1379017.run0376.r101.100.20.log,r101.100.20,1586.448,1586.448,1e+30
test1379017.run0377.r101.100.25.log,r101.100.25,1654.458,1654.458,1e+30
test1379017.run0378.r101.25.3.log,r101.25.3,1e+30,1e+30,1e+30
test1379017.run0379.r101.25.5.log,r101.25.5,1e+30,1e+30,1e+30
test1379017.run0380.r101.30.10.log,r101.30.10,682.0535,682.0535,682.0535
test1379017.run0381.r101.30.15.log,r101.30.15,762.0088,762.0088,762.0088
test1379017.run0382.r101.30.20.log,r101.30.20,916.5951,916.5951,916.5951
test1379017.run0383.r101.30.25.log,r101.30.25,1136.329,1136.329,1136.329
test1379017.run0384.r101.30.3.log,r101.30.3,1e+30,1e+30,1e+30
test1379017.run0385.r101.30.5.log,r101.30.5,1e+30,1e+30,1e+30
test1379017.run0386.r101.40.3.log,r101.40.3,1e+30,1e+30,1e+30
test1379017.run0387.r101.40.5.log,r101.40.5,1e+30,1e+30,1e+30
test1379017.run0388.r101.50.10.log,r101.50.10,1e+30,1e+30,1e+30
test1379017.run0389.r101.50.15.log,r101.50.15,1043.757,1043.757,1e+30
test1379017.run0390.r101.50.20.log,r101.50.20,1146.41,1146.41,1588.757
test1379017.run0391.r101.50.25.log,r101.50.25,1295.51,1295.51,1921.7
test1379017.run0392.r101.75.10.log,r101.75.10,1e+30,1e+30,1e+30
test1379017.run0393.r101.75.15.log,r101.75.15,1395.569,1395.569,1e+30
test1379017.run0394.r101.75.20.log,r101.75.20,1420.836,1420.836,1e+30
test1379017.run0395.r101.75.25.log,r101.75.25,1510.237,1510.237,1e+30
test1379017.run0396.r102.100.10.log,r102.100.10,971.3448,971.3448,1e+30
test1379017.run0397.r102.100.15.log,r102.100.15,1083.596,1083.596,1e+30
test1379017.run0398.r102.100.20.log,r102.100.20,1224.377,1224.377,1e+30
test1379017.run0399.r102.100.25.log,r102.100.25,1374.583,1374.583,1e+30
test1379017.run0400.r102.25.3.log,r102.25.3,399.6044,399.6044,1e+30
test1379017.run0401.r102.25.5.log,r102.25.5,435.0592,435.0592,1e+30
test1379017.run0402.r102.30.10.log,r102.30.10,549.4498,549.4498,1e+30
test1379017.run0403.r102.30.15.log,r102.30.15,718.8307,718.8307,1e+30
test1379017.run0404.r102.30.20.log,r102.30.20,911.672,911.672,911.672
test1379017.run0405.r102.30.25.log,r102.30.25,1136.329,1136.329,1136.329
test1379017.run0406.r102.30.3.log,r102.30.3,409.8722,409.8722,1e+30
test1379017.run0407.r102.30.5.log,r102.30.5,436.2796,436.2796,1e+30
test1379017.run0408.r102.40.3.log,r102.40.3,484.7503,484.7503,1e+30
test1379017.run0409.r102.40.5.log,r102.40.5,515.3295,515.3295,1e+30
test1379017.run0410.r102.50.10.log,r102.50.10,723.9483,723.9483,1e+30
test1379017.run0411.r102.50.15.log,r102.50.15,876.2518,876.2518,1e+30
test1379017.run0412.r102.50.20.log,r102.50.20,1056.954,1056.954,1e+30
test1379017.run0413.r102.50.25.log,r102.50.25,1254.269,1254.269,1e+30
test1379017.run0414.r102.75.10.log,r102.75.10,884.6181,884.6181,1e+30
test1379017.run0415.r102.75.15.log,r102.75.15,1011.073,1011.073,1e+30
test1379017.run0416.r102.75.20.log,r102.75.20,1166.07,1166.07,1e+30
test1379017.run0417.r102.75.25.log,r102.75.25,1337.927,1337.927,1e+30
test1379017.run0418.r103.100.10.log,r103.100.10,770.6149,770.6149,1e+30
test1379017.run0419.r103.100.15.log,r103.100.15,886.4195,886.4195,1e+30
test1379017.run0420.r103.100.20.log,r103.100.20,1027.765,1027.765,1e+30
test1379017.run0421.r103.100.25.log,r103.100.25,1183.945,1183.945,1e+30
test1379017.run0422.r103.25.3.log,r103.25.3,342.9844,342.9844,1e+30
test1379017.run0423.r103.25.5.log,r103.25.5,391.0686,391.0686,1e+30
test1379017.run0424.r103.30.10.log,r103.30.10,498.9013,498.9013,1e+30
test1379017.run0425.r103.30.15.log,r103.30.15,668.509,668.509,1e+30
test1379017.run0426.r103.30.20.log,r103.30.20,874.0929,874.0929,1e+30
test1379017.run0427.r103.30.25.log,r103.30.25,1126.873,1126.873,1e+30
test1379017.run0428.r103.30.3.log,r103.30.3,346.3752,346.3752,1e+30
test1379017.run0429.r103.30.5.log,r103.30.5,377.6257,377.6257,1e+30
test1379017.run0430.r103.40.3.log,r103.40.3,430.3209,430.3209,1e+30
test1379017.run0431.r103.40.5.log,r103.40.5,460.9002,460.9002,1e+30
test1379017.run0432.r103.50.10.log,r103.50.10,621.6024,621.6024,1e+30
test1379017.run0433.r103.50.15.log,r103.50.15,776.4645,776.4645,1504.193
test1379017.run0434.r103.50.20.log,r103.50.20,966.4595,966.4595,1e+30
test1379017.run0435.r103.50.25.log,r103.50.25,1179.355,1179.355,1e+30
test1379017.run0436.r103.75.10.log,r103.75.10,710.7569,710.7569,1e+30
test1379017.run0437.r103.75.15.log,r103.75.15,837.3862,837.3862,1e+30
test1379017.run0438.r103.75.20.log,r103.75.20,1001.068,1001.068,1e+30
test1379017.run0439.r103.75.25.log,r103.75.25,1181.292,1181.292,1e+30
test1379017.run0440.r104.100.10.log,r104.100.10,718.5518,718.5518,1e+30
test1379017.run0441.r104.100.15.log,r104.100.15,826.97,826.97,1e+30
test1379017.run0442.r104.100.20.log,r104.100.20,967.4107,967.4107,1e+30
test1379017.run0443.r104.100.25.log,r104.100.25,1124.844,1124.844,1e+30
test1379017.run0444.r104.25.3.log,r104.25.3,333.1092,333.1092,1e+30
test1379017.run0445.r104.25.5.log,r104.25.5,380.079,380.079,1e+30
test1379017.run0446.r104.30.10.log,r104.30.10,483.8866,483.8866,1e+30
test1379017.run0447.r104.30.15.log,r104.30.15,650.2791,650.2791,1e+30
test1379017.run0448.r104.30.20.log,r104.30.20,870.833,870.833,1e+30
test1379017.run0449.r104.30.25.log,r104.30.25,1126.873,1126.873,1e+30
test1379017.run0450.r104.30.3.log,r104.30.3,333.4987,333.4987,1e+30
test1379017.run0451.r104.30.5.log,r104.30.5,364.7493,364.7493,1e+30
test1379017.run0452.r104.40.3.log,r104.40.3,418.6128,418.6128,1e+30
test1379017.run0453.r104.40.5.log,r104.40.5,449.192,449.192,1e+30
test1379017.run0454.r104.50.10.log,r104.50.10,587.8433,587.8433,1e+30
test1379017.run0455.r104.50.15.log,r104.50.15,731.016,731.016,1e+30
test1379017.run0456.r104.50.20.log,r104.50.20,919.2506,919.2506,1e+30
test1379017.run0457.r104.50.25.log,r104.50.25,1153.008,1153.008,1e+30
test1379017.run0458.r104.75.10.log,r104.75.10,666.9348,666.9348,1e+30
test1379017.run0459.r104.75.15.log,r104.75.15,784.6448,784.6448,1e+30
test1379017.run0460.r104.75.20.log,r104.75.20,948.9026,948.9026,1e+30
test1379017.run0461.r104.75.25.log,r104.75.25,1132.19,1132.19,1e+30
test1379017.run0462.r105.100.10.log,r105.100.10,1094.739,1094.739,1e+30
test1379017.run0463.r105.100.15.log,r105.100.15,1165.767,1165.767,1e+30
test1379017.run0464.r105.100.20.log,r105.100.20,1267.356,1267.356,1e+30
test1379017.run0465.r105.100.25.log,r105.100.25,1390.094,1390.094,1e+30
test1379017.run0466.r105.25.3.log,r105.25.3,1e+30,1e+30,1e+30
test1379017.run0467.r105.25.5.log,r105.25.5,463.9422,463.9422,1e+30
test1379017.run0468.r105.30.10.log,r105.30.10,573.3853,573.3853,842.7104
test1379017.run0469.r105.30.15.log,r105.30.15,714.6647,714.6647,1023.804
test1379017.run0470.r105.30.20.log,r105.30.20,896.9346,896.9346,1226.071
test1379017.run0471.r105.30.25.log,r105.30.25,1127.834,1127.834,1e+30
test1379017.run0472.r105.30.3.log,r105.30.3,1e+30,1e+30,1e+30
test1379017.run0473.r105.30.5.log,r105.30.5,500.0296,500.0296,1e+30
test1379017.run0474.r105.40.3.log,r105.40.3,1e+30,1e+30,1e+30
test1379017.run0475.r105.40.5.log,r105.40.5,744.1916,744.1916,1e+30
test1379017.run0476.r105.50.10.log,r105.50.10,814.9797,814.9797,1e+30
test1379017.run0477.r105.50.15.log,r105.50.15,919.1149,919.1149,1e+30
test1379017.run0478.r105.50.20.log,r105.50.20,1069.229,1069.229,1e+30
test1379017.run0479.r105.50.25.log,r105.50.25,1248.991,1248.991,1470.458
test1379017.run0480.r105.75.10.log,r105.75.10,991.5714,991.5714,1e+30
test1379017.run0481.r105.75.15.log,r105.75.15,1062.693,1062.693,1e+30
test1379017.run0482.r105.75.20.log,r105.75.20,1178.109,1178.109,1876.736
test1379017.run0483.r105.75.25.log,r105.75.25,1329.288,1329.288,1e+30
test1379017.run0484.r106.100.10.log,r106.100.10,854.4679,854.4679,1e+30
test1379017.run0485.r106.100.15.log,r106.100.15,969.7112,969.7112,1e+30
test1379017.run0486.r106.100.20.log,r106.100.20,1110.559,1110.559,1e+30
test1379017.run0487.r106.100.25.log,r106.100.25,1266.08,1266.08,1e+30
test1379017.run0488.r106.25.3.log,r106.25.3,360.143,360.143,1e+30
test1379017.run0489.r106.25.5.log,r106.25.5,408.7023,408.7023,1e+30
test1379017.run0490.r106.30.10.log,r106.30.10,525.7651,525.7651,1e+30
test1379017.run0491.r106.30.15.log,r106.30.15,695.8898,695.8898,851.8005
test1379017.run0492.r106.30.20.log,r106.30.20,895.6972,895.6972,1e+30
test1379017.run0493.r106.30.25.log,r106.30.25,1127.834,1127.834,1e+30
test1379017.run0494.r106.30.3.log,r106.30.3,364.0164,364.0164,1e+30
test1379017.run0495.r106.30.5.log,r106.30.5,398.4153,398.4153,1e+30
test1379017.run0496.r106.40.3.log,r106.40.3,466.6305,466.6305,1e+30
test1379017.run0497.r106.40.5.log,r106.40.5,495.9965,495.9965,1e+30
test1379017.run0498.r106.50.10.log,r106.50.10,672.8874,672.8874,1e+30
test1379017.run0499.r106.50.15.log,r106.50.15,829.8405,829.8405,1e+30
test1379017.run0500.r106.50.20.log,r106.50.20,1012.999,1012.999,1e+30
test1379017.run0501.r106.50.25.log,r106.50.25,1215.561,1215.561,1e+30
test1379017.run0502.r106.75.10.log,r106.75.10,790.5648,790.5648,1e+30
test1379017.run0503.r106.75.15.log,r106.75.15,916.7388,916.7388,1e+30
test1379017.run0504.r106.75.20.log,r106.75.20,1078.584,1078.584,1e+30
test1379017.run0505.r106.75.25.log,r106.75.25,1254.403,1254.403,1e+30
test1379017.run0506.r107.100.10.log,r107.100.10,751.4927,751.4927,1e+30
test1379017.run0507.r107.100.15.log,r107.100.15,866.3462,866.3462,1e+30
test1379017.run0508.r107.100.20.log,r107.100.20,1006.249,1006.249,1e+30
test1379017.run0509.r107.100.25.log,r107.100.25,1163.71,1163.71,1e+30
test1379017.run0510.r107.25.3.log,r107.25.3,333.8094,333.8094,1e+30
test1379017.run0511.r107.25.5.log,r107.25.5,381.6959,381.6959,1e+30
test1379017.run0512.r107.30.10.log,r107.30.10,490.4153,490.4153,1e+30
test1379017.run0513.r107.30.15.log,r107.30.15,665.397,665.397,1e+30
test1379017.run0514.r107.30.20.log,r107.30.20,874.0929,874.0929,1e+30
test1379017.run0515.r107.30.25.log,r107.30.25,1126.873,1126.873,1e+30
test1379017.run0516.r107.30.3.log,r107.30.3,338.4039,338.4039,1e+30
test1379017.run0517.r107.30.5.log,r107.30.5,371.3882,371.3882,1e+30
test1379017.run0518.r107.40.3.log,r107.40.3,430.3209,430.3209,1e+30
test1379017.run0519.r107.40.5.log,r107.40.5,459.687,459.687,1e+30
test1379017.run0520.r107.50.10.log,r107.50.10,600.5268,600.5268,1e+30
test1379017.run0521.r107.50.15.log,r107.50.15,755.0885,755.0885,1e+30
test1379017.run0522.r107.50.20.log,r107.50.20,951.0501,951.0501,1e+30
test1379017.run0523.r107.50.25.log,r107.50.25,1169.603,1169.603,1e+30
test1379017.run0524.r107.75.10.log,r107.75.10,694.9139,694.9139,1e+30
test1379017.run0525.r107.75.15.log,r107.75.15,821.5021,821.5021,1e+30
test1379017.run0526.r107.75.20.log,r107.75.20,984.7471,984.7471,1e+30
test1379017.run0527.r107.75.25.log,r107.75.25,1165.376,1165.376,1e+30
test1379017.run0528.r108.100.10.log,r108.100.10,716.8038,716.8038,1e+30
test1379017.run0529.r108.100.15.log,r108.100.15,825.222,825.222,1e+30
test1379017.run0530.r108.100.20.log,r108.100.20,965.6626,965.6626,1e+30
test1379017.run0531.r108.100.25.log,r108.100.25,1123.096,1123.096,1e+30
test1379017.run0532.r108.25.3.log,r108.25.3,323.9342,323.9342,1e+30
test1379017.run0533.r108.25.5.log,r108.25.5,370.904,370.904,1e+30
test1379017.run0534.r108.30.10.log,r108.30.10,476.8276,476.8276,1e+30
test1379017.run0535.r108.30.15.log,r108.30.15,650.2791,650.2791,1081.929
test1379017.run0536.r108.30.20.log,r108.30.20,870.833,870.833,1267.257
test1379017.run0537.r108.30.25.log,r108.30.25,1126.873,1126.873,1e+30
test1379017.run0538.r108.30.3.log,r108.30.3,326.9347,326.9347,1e+30
test1379017.run0539.r108.30.5.log,r108.30.5,357.5139,357.5139,1e+30
test1379017.run0540.r108.40.3.log,r108.40.3,406.4826,406.4826,1e+30
test1379017.run0541.r108.40.5.log,r108.40.5,437.9788,437.9788,1e+30
test1379017.run0542.r108.50.10.log,r108.50.10,579.9021,579.9021,1e+30
test1379017.run0543.r108.50.15.log,r108.50.15,721.3344,721.3344,1e+30
test1379017.run0544.r108.50.20.log,r108.50.20,919.2506,919.2506,1e+30
test1379017.run0545.r108.50.25.log,r108.50.25,1153.008,1153.008,1e+30
test1379017.run0546.r108.75.10.log,r108.75.10,666.9348,666.9348,1e+30
test1379017.run0547.r108.75.15.log,r108.75.15,784.6448,784.6448,1e+30
test1379017.run0548.r108.75.20.log,r108.75.20,948.9026,948.9026,1e+30
test1379017.run0549.r108.75.25.log,r108.75.25,1132.19,1132.19,1e+30
test1379017.run0550.r109.100.10.log,r109.100.10,810.9224,810.9224,1e+30
test1379017.run0551.r109.100.15.log,r109.100.15,915.0014,915.0014,1e+30
test1379017.run0552.r109.100.20.log,r109.100.20,1041.058,1041.058,1e+30
test1379017.run0553.r109.100.25.log,r109.100.25,1190.394,1190.394,1e+30
test1379017.run0554.r109.25.3.log,r109.25.3,359.8136,359.8136,1e+30
test1379017.run0555.r109.25.5.log,r109.25.5,397.3496,397.3496,1e+30
test1379017.run0556.r109.30.10.log,r109.30.10,514.4517,514.4517,1e+30
test1379017.run0557.r109.30.15.log,r109.30.15,669.837,669.837,1e+30
test1379017.run0558.r109.30.20.log,r109.30.20,875.0537,875.0537,1e+30
test1379017.run0559.r109.30.25.log,r109.30.25,1127.177,1127.177,1e+30
test1379017.run0560.r109.30.3.log,r109.30.3,393.2175,393.2175,1e+30
test1379017.run0561.r109.30.5.log,r109.30.5,413.2604,413.2604,1e+30
test1379017.run0562.r109.40.3.log,r109.40.3,476.9668,476.9668,1e+30
test1379017.run0563.r109.40.5.log,r109.40.5,497.4249,497.4249,1e+30
test1379017.run0564.r109.50.10.log,r109.50.10,645.1831,645.1831,1e+30
test1379017.run0565.r109.50.15.log,r109.50.15,779.3062,779.3062,1e+30
test1379017.run0566.r109.50.20.log,r109.50.20,949.7624,949.7624,1e+30
test1379017.run0567.r109.50.25.log,r109.50.25,1174.307,1174.307,1e+30
test1379017.run0568.r109.75.10.log,r109.75.10,750.475,750.475,1e+30
test1379017.run0569.r109.75.15.log,r109.75.15,860.2861,860.2861,1e+30
test1379017.run0570.r109.75.20.log,r109.75.20,1005.429,1005.429,1e+30
test1379017.run0571.r109.75.25.log,r109.75.25,1173.061,1173.061,1e+30
test1379017.run0572.r110.100.10.log,r110.100.10,738.4089,738.4089,1e+30
test1379017.run0573.r110.100.15.log,r110.100.15,846.1482,846.1482,1e+30
test1379017.run0574.r110.100.20.log,r110.100.20,976.7679,976.7679,1e+30
test1379017.run0575.r110.100.25.log,r110.100.25,1130.639,1130.639,1e+30
test1379017.run0576.r110.25.3.log,r110.25.3,328.23,328.23,1e+30
test1379017.run0577.r110.25.5.log,r110.25.5,370.904,370.904,1e+30
test1379017.run0578.r110.30.10.log,r110.30.10,488.1074,488.1074,1e+30
test1379017.run0579.r110.30.15.log,r110.30.15,654.4999,654.4999,1023.821
test1379017.run0580.r110.30.20.log,r110.30.20,875.0537,875.0537,1e+30
test1379017.run0581.r110.30.25.log,r110.30.25,1127.177,1127.177,1e+30
test1379017.run0582.r110.30.3.log,r110.30.3,341.5735,341.5735,1e+30
test1379017.run0583.r110.30.5.log,r110.30.5,372.1527,372.1527,1e+30
test1379017.run0584.r110.40.3.log,r110.40.3,443.6444,443.6444,1e+30
test1379017.run0585.r110.40.5.log,r110.40.5,471.039,471.039,1e+30
test1379017.run0586.r110.50.10.log,r110.50.10,599.1542,599.1542,1e+30
test1379017.run0587.r110.50.15.log,r110.50.15,743.5524,743.5524,1e+30
test1379017.run0588.r110.50.20.log,r110.50.20,931.6481,931.6481,1e+30
test1379017.run0589.r110.50.25.log,r110.50.25,1157.229,1157.229,1e+30
test1379017.run0590.r110.75.10.log,r110.75.10,699.3627,699.3627,1e+30
test1379017.run0591.r110.75.15.log,r110.75.15,811.5542,811.5542,1e+30
test1379017.run0592.r110.75.20.log,r110.75.20,957.7392,957.7392,1e+30
test1379017.run0593.r110.75.25.log,r110.75.25,1140.606,1140.606,1e+30
test1379017.run0594.r111.100.10.log,r111.100.10,739.8154,739.8154,1e+30
test1379017.run0595.r111.100.15.log,r111.100.15,849.0087,849.0087,1e+30
test1379017.run0596.r111.100.20.log,r111.100.20,989.8197,989.8197,1e+30
test1379017.run0597.r111.100.25.log,r111.100.25,1145.852,1145.852,1e+30
test1379017.run0598.r111.25.3.log,r111.25.3,333.8094,333.8094,1e+30
test1379017.run0599.r111.25.5.log,r111.25.5,381.6959,381.6959,1e+30
test1379017.run0600.r111.30.10.log,r111.30.10,490.4153,490.4153,1e+30
test1379017.run0601.r111.30.15.log,r111.30.15,669.3839,669.3839,927.5443
test1379017.run0602.r111.30.20.log,r111.30.20,874.0929,874.0929,1119.403
test1379017.run0603.r111.30.25.log,r111.30.25,1126.873,1126.873,1e+30
test1379017.run0604.r111.30.3.log,r111.30.3,338.4039,338.4039,1e+30
test1379017.run0605.r111.30.5.log,r111.30.5,371.3882,371.3882,1e+30
test1379017.run0606.r111.40.3.log,r111.40.3,420.7429,420.7429,1e+30
test1379017.run0607.r111.40.5.log,r111.40.5,450.1089,450.1089,1e+30
test1379017.run0608.r111.50.10.log,r111.50.10,597.387,597.387,1e+30
test1379017.run0609.r111.50.15.log,r111.50.15,744.6855,744.6855,1e+30
test1379017.run0610.r111.50.20.log,r111.50.20,937.2929,937.2929,1984.381
test1379017.run0611.r111.50.25.log,r111.50.25,1163.499,1163.499,1869.119
test1379017.run0612.r111.75.10.log,r111.75.10,689.8465,689.8465,1e+30
test1379017.run0613.r111.75.15.log,r111.75.15,813.8189,813.8189,1e+30
test1379017.run0614.r111.75.20.log,r111.75.20,972.822,972.822,1e+30
test1379017.run0615.r111.75.25.log,r111.75.25,1155.881,1155.881,1e+30
test1379017.run0616.r112.100.10.log,r112.100.10,704.9453,704.9453,1e+30
test1379017.run0617.r112.100.15.log,r112.100.15,813.277,813.277,1e+30
test1379017.run0618.r112.100.20.log,r112.100.20,953.8042,953.8042,1e+30
test1379017.run0619.r112.100.25.log,r112.100.25,1112.113,1112.113,1e+30
test1379017.run0620.r112.25.3.log,r112.25.3,323.9342,323.9342,1e+30
test1379017.run0621.r112.25.5.log,r112.25.5,365.9133,365.9133,1e+30
test1379017.run0622.r112.30.10.log,r112.30.10,468.3733,468.3733,1e+30
test1379017.run0623.r112.30.15.log,r112.30.15,642.7283,642.7283,1e+30
test1379017.run0624.r112.30.20.log,r112.30.20,870.833,870.833,1e+30
test1379017.run0625.r112.30.25.log,r112.30.25,1126.873,1126.873,1e+30
test1379017.run0626.r112.30.3.log,r112.30.3,323.6282,323.6282,1e+30
test1379017.run0627.r112.30.5.log,r112.30.5,354.2074,354.2074,1e+30
test1379017.run0628.r112.40.3.log,r112.40.3,405.3876,405.3876,1e+30
test1379017.run0629.r112.40.5.log,r112.40.5,435.9668,435.9668,1e+30
test1379017.run0630.r112.50.10.log,r112.50.10,574.0704,574.0704,1e+30
test1379017.run0631.r112.50.15.log,r112.50.15,715.5027,715.5027,1e+30
test1379017.run0632.r112.50.20.log,r112.50.20,915.1034,915.1034,1e+30
test1379017.run0633.r112.50.25.log,r112.50.25,1153.008,1153.008,1e+30
test1379017.run0634.r112.75.10.log,r112.75.10,655.0764,655.0764,1e+30
test1379017.run0635.r112.75.15.log,r112.75.15,772.7864,772.7864,1e+30
test1379017.run0636.r112.75.20.log,r112.75.20,937.9198,937.9198,1e+30
test1379017.run0637.r112.75.25.log,r112.75.25,1122.292,1122.292,1e+30
test1379017.run0638.r201.100.10.log,r201.100.10,1027.814,1027.814,1e+30
test1379017.run0639.r201.100.15.log,r201.100.15,1116.418,1116.418,3361.044
test1379017.run0640.r201.100.20.log,r201.100.20,1223.847,1223.847,3508.173
test1379017.run0641.r201.100.25.log,r201.100.25,1352.888,1352.888,3562.795
test1379017.run0642.r201.25.3.log,r201.25.3,415.1138,415.1138,1e+30
test1379017.run0643.r201.25.5.log,r201.25.5,440.2233,440.2233,1e+30
test1379017.run0644.r201.30.10.log,r201.30.10,554.2685,554.2685,983.4656
test1379017.run0645.r201.30.15.log,r201.30.15,702.7404,702.7404,1076.05
test1379017.run0646.r201.30.20.log,r201.30.20,891.7858,891.7858,1203.561
test1379017.run0647.r201.30.25.log,r201.30.25,1127.834,1127.834,1e+30
test1379017.run0648.r201.30.3.log,r201.30.3,467.4463,467.4463,1e+30
test1379017.run0649.r201.30.5.log,r201.30.5,473.2647,473.2647,1e+30
test1379017.run0650.r201.40.3.log,r201.40.3,616.4686,616.4686,1e+30
test1379017.run0651.r201.40.5.log,r201.40.5,630.1152,630.1152,1471.566
test1379017.run0652.r201.50.10.log,r201.50.10,749.2442,749.2442,1921.253
test1379017.run0653.r201.50.15.log,r201.50.15,874.9449,874.9449,2079.254
test1379017.run0654.r201.50.20.log,r201.50.20,1035.816,1035.816,2008.772
test1379017.run0655.r201.50.25.log,r201.50.25,1224.537,1224.537,2236.022
test1379017.run0656.r201.75.10.log,r201.75.10,911.117,911.117,1e+30
test1379017.run0657.r201.75.15.log,r201.75.15,1004.157,1004.157,2714.802
test1379017.run0658.r201.75.20.log,r201.75.20,1134.074,1134.074,2958.076
test1379017.run0659.r201.75.25.log,r201.75.25,1291.865,1291.865,2970.498
test1379017.run0660.r202.100.10.log,r202.100.10,825.4815,825.4815,1e+30
test1379017.run0661.r202.100.15.log,r202.100.15,937.8451,937.8451,3203.136
test1379017.run0662.r202.100.20.log,r202.100.20,1078.416,1078.416,1e+30
test1379017.run0663.r202.100.25.log,r202.100.25,1235.644,1235.644,3487.04
test1379017.run0664.r202.25.3.log,r202.25.3,349.3365,349.3365,863.7109
test1379017.run0665.r202.25.5.log,r202.25.5,388.8348,388.8348,934.6094
test1379017.run0666.r202.30.10.log,r202.30.10,514.3513,514.3513,913.6513
test1379017.run0667.r202.30.15.log,r202.30.15,690.4737,690.4737,1153.346
test1379017.run0668.r202.30.20.log,r202.30.20,891.5898,891.5898,1e+30
test1379017.run0669.r202.30.25.log,r202.30.25,1127.834,1127.834,1e+30
test1379017.run0670.r202.30.3.log,r202.30.3,356.3499,356.3499,1e+30
test1379017.run0671.r202.30.5.log,r202.30.5,393.8442,393.8442,1e+30
test1379017.run0672.r202.40.3.log,r202.40.3,446.3504,446.3504,1e+30
test1379017.run0673.r202.40.5.log,r202.40.5,475.8152,475.8152,1324.576
test1379017.run0674.r202.50.10.log,r202.50.10,650.1886,650.1886,1729.538
test1379017.run0675.r202.50.15.log,r202.50.15,803.1451,803.1451,1895.699
test1379017.run0676.r202.50.20.log,r202.50.20,988.2775,988.2775,1949.995
test1379017.run0677.r202.50.25.log,r202.50.25,1192.566,1192.566,2061.208
test1379017.run0678.r202.75.10.log,r202.75.10,755.839,755.839,2433.512
test1379017.run0679.r202.75.15.log,r202.75.15,881.8193,881.8193,1e+30
test1379017.run0680.r202.75.20.log,r202.75.20,1043.943,1043.943,1e+30
test1379017.run0681.r202.75.25.log,r202.75.25,1223.616,1223.616,3057.29
test1379017.run0682.r203.100.10.log,r203.100.10,733.2524,733.2524,1e+30
test1379017.run0683.r203.100.15.log,r203.100.15,848.2202,848.2202,3237.896
test1379017.run0684.r203.100.20.log,r203.100.20,988.1229,988.1229,1e+30
test1379017.run0685.r203.100.25.log,r203.100.25,1145.584,1145.584,3198.199
test1379017.run0686.r203.25.3.log,r203.25.3,333.8094,333.8094,1e+30
test1379017.run0687.r203.25.5.log,r203.25.5,381.6959,381.6959,800.9068
test1379017.run0688.r203.30.10.log,r203.30.10,490.4153,490.4153,1099.525
test1379017.run0689.r203.30.15.log,r203.30.15,665.397,665.397,1211.28
test1379017.run0690.r203.30.20.log,r203.30.20,874.0929,874.0929,1200.065
test1379017.run0691.r203.30.25.log,r203.30.25,1126.873,1126.873,1e+30
test1379017.run0692.r203.30.3.log,r203.30.3,338.4039,338.4039,1e+30
test1379017.run0693.r203.30.5.log,r203.30.5,371.3882,371.3882,1007.612
test1379017.run0694.r203.40.3.log,r203.40.3,420.7429,420.7429,1e+30
test1379017.run0695.r203.40.5.log,r203.40.5,450.1089,450.1089,1156.311
test1379017.run0696.r203.50.10.log,r203.50.10,587.1291,587.1291,1483.887
test1379017.run0697.r203.50.15.log,r203.50.15,739.7202,739.7202,1673.135
test1379017.run0698.r203.50.20.log,r203.50.20,935.6818,935.6818,1932.346
test1379017.run0699.r203.50.25.log,r203.50.25,1159.748,1159.748,1967.021
test1379017.run0700.r203.75.10.log,r203.75.10,678.0063,678.0063,2224.15
test1379017.run0701.r203.75.15.log,r203.75.15,804.5945,804.5945,1e+30
test1379017.run0702.r203.75.20.log,r203.75.20,967.9591,967.9591,2515.187
test1379017.run0703.r203.75.25.log,r203.75.25,1150.563,1150.563,1e+30
test1379017.run0704.r204.100.10.log,r204.100.10,712.3096,712.3096,1e+30
test1379017.run0705.r204.100.15.log,r204.100.15,821.124,821.124,2486.505
test1379017.run0706.r204.100.20.log,r204.100.20,961.5647,961.5647,2973.87
test1379017.run0707.r204.100.25.log,r204.100.25,1119.874,1119.874,3045.996
test1379017.run0708.r204.25.3.log,r204.25.3,323.9342,323.9342,1e+30
test1379017.run0709.r204.25.5.log,r204.25.5,370.904,370.904,1e+30
test1379017.run0710.r204.30.10.log,r204.30.10,476.8276,476.8276,1049.762
test1379017.run0711.r204.30.15.log,r204.30.15,650.2791,650.2791,1176.79
test1379017.run0712.r204.30.20.log,r204.30.20,870.833,870.833,1081.645
test1379017.run0713.r204.30.25.log,r204.30.25,1126.873,1126.873,1e+30
test1379017.run0714.r204.30.3.log,r204.30.3,326.9347,326.9347,1e+30
test1379017.run0715.r204.30.5.log,r204.30.5,357.5139,357.5139,789.8858
test1379017.run0716.r204.40.3.log,r204.40.3,406.4826,406.4826,1e+30
test1379017.run0717.r204.40.5.log,r204.40.5,437.9788,437.9788,968.3036
test1379017.run0718.r204.50.10.log,r204.50.10,579.9021,579.9021,1e+30
test1379017.run0719.r204.50.15.log,r204.50.15,721.3344,721.3344,1e+30
test1379017.run0720.r204.50.20.log,r204.50.20,919.2506,919.2506,2112.594
test1379017.run0721.r204.50.25.log,r204.50.25,1153.008,1153.008,1e+30
test1379017.run0722.r204.75.10.log,r204.75.10,662.8165,662.8165,2065.605
test1379017.run0723.r204.75.15.log,r204.75.15,780.5469,780.5469,2215.996
test1379017.run0724.r204.75.20.log,r204.75.20,945.6803,945.6803,2474.468
test1379017.run0725.r204.75.25.log,r204.75.25,1128.181,1128.181,2994.115
test1379017.run0726.r205.100.10.log,r205.100.10,845.9853,845.9853,3369.166
test1379017.run0727.r205.100.15.log,r205.100.15,945.5466,945.5466,2967.025
test1379017.run0728.r205.100.20.log,r205.100.20,1069.99,1069.99,3223.632
test1379017.run0729.r205.100.25.log,r205.100.25,1214.628,1214.628,1e+30
test1379017.run0730.r205.25.3.log,r205.25.3,359.8136,359.8136,764.3977
test1379017.run0731.r205.25.5.log,r205.25.5,397.3496,397.3496,817.2662
test1379017.run0732.r205.30.10.log,r205.30.10,514.4517,514.4517,1133.269
test1379017.run0733.r205.30.15.log,r205.30.15,669.837,669.837,971.4863
test1379017.run0734.r205.30.20.log,r205.30.20,875.0537,875.0537,1e+30
test1379017.run0735.r205.30.25.log,r205.30.25,1127.177,1127.177,1e+30
test1379017.run0736.r205.30.3.log,r205.30.3,386.0501,386.0501,835.1875
test1379017.run0737.r205.30.5.log,r205.30.5,409.4431,409.4431,1e+30
test1379017.run0738.r205.40.3.log,r205.40.3,483.1493,483.1493,1e+30
test1379017.run0739.r205.40.5.log,r205.40.5,507.345,507.345,1207.033
test1379017.run0740.r205.50.10.log,r205.50.10,677.0044,677.0044,1e+30
test1379017.run0741.r205.50.15.log,r205.50.15,802.0136,802.0136,1713.681
test1379017.run0742.r205.50.20.log,r205.50.20,968.9115,968.9115,1972.962
test1379017.run0743.r205.50.25.log,r205.50.25,1179.697,1179.697,1e+30
test1379017.run0744.r205.75.10.log,r205.75.10,787.1039,787.1039,2553.865
test1379017.run0745.r205.75.15.log,r205.75.15,887.9161,887.9161,2525.37
test1379017.run0746.r205.75.20.log,r205.75.20,1025.488,1025.488,2843.004
test1379017.run0747.r205.75.25.log,r205.75.25,1191.35,1191.35,2746.257
test1379017.run0748.r206.100.10.log,r206.100.10,765.6908,765.6908,3084.863
test1379017.run0749.r206.100.15.log,r206.100.15,878.0774,878.0774,1e+30
test1379017.run0750.r206.100.20.log,r206.100.20,1012.772,1012.772,2918.212
test1379017.run0751.r206.100.25.log,r206.100.25,1170.537,1170.537,3746.262
test1379017.run0752.r206.25.3.log,r206.25.3,323.9342,323.9342,1e+30
test1379017.run0753.r206.25.5.log,r206.25.5,365.9133,365.9133,1e+30
test1379017.run0754.r206.30.10.log,r206.30.10,481.2,481.2,1234.83
test1379017.run0755.r206.30.15.log,r206.30.15,656.7702,656.7702,1157.535
test1379017.run0756.r206.30.20.log,r206.30.20,875.0537,875.0537,1135.035
test1379017.run0757.r206.30.25.log,r206.30.25,1127.177,1127.177,1e+30
test1379017.run0758.r206.30.3.log,r206.30.3,328.3629,328.3629,771.1078
test1379017.run0759.r206.30.5.log,r206.30.5,362.7618,362.7618,1e+30
test1379017.run0760.r206.40.3.log,r206.40.3,419.4428,419.4428,1e+30
test1379017.run0761.r206.40.5.log,r206.40.5,447.933,447.933,1018.332
test1379017.run0762.r206.50.10.log,r206.50.10,609.3074,609.3074,1901.43
test1379017.run0763.r206.50.15.log,r206.50.15,762.1259,762.1259,1806.713
test1379017.run0764.r206.50.20.log,r206.50.20,953.8031,953.8031,2322.23
test1379017.run0765.r206.50.25.log,r206.50.25,1177.953,1177.953,1e+30
test1379017.run0766.r206.75.10.log,r206.75.10,704.0569,704.0569,1e+30
test1379017.run0767.r206.75.15.log,r206.75.15,824.0667,824.0667,2361.661
test1379017.run0768.r206.75.20.log,r206.75.20,987.366,987.366,2502.126
test1379017.run0769.r206.75.25.log,r206.75.25,1169.468,1169.468,2858.401
test1379017.run0770.r207.100.10.log,r207.100.10,724.4469,724.4469,1e+30
test1379017.run0771.r207.100.15.log,r207.100.15,833.0992,833.0992,2832.533
test1379017.run0772.r207.100.20.log,r207.100.20,973.0019,973.0019,3016.157
test1379017.run0773.r207.100.25.log,r207.100.25,1130.463,1130.463,3123.54
test1379017.run0774.r207.25.3.log,r207.25.3,323.9342,323.9342,1e+30
test1379017.run0775.r207.25.5.log,r207.25.5,365.9133,365.9133,1e+30
test1379017.run0776.r207.30.10.log,r207.30.10,472.3985,472.3985,1129.686
test1379017.run0777.r207.30.15.log,r207.30.15,642.7283,642.7283,1081.387
test1379017.run0778.r207.30.20.log,r207.30.20,870.833,870.833,1234.156
test1379017.run0779.r207.30.25.log,r207.30.25,1126.873,1126.873,1e+30
test1379017.run0780.r207.30.3.log,r207.30.3,325.0564,325.0564,1e+30
test1379017.run0781.r207.30.5.log,r207.30.5,358.9974,358.9974,880.0011
test1379017.run0782.r207.40.3.log,r207.40.3,407.4766,407.4766,1e+30
test1379017.run0783.r207.40.5.log,r207.40.5,435.9668,435.9668,1e+30
test1379017.run0784.r207.50.10.log,r207.50.10,578.304,578.304,1887.194
test1379017.run0785.r207.50.15.log,r207.50.15,726.8738,726.8738,1709.726
test1379017.run0786.r207.50.20.log,r207.50.20,929.3133,929.3133,1e+30
test1379017.run0787.r207.50.25.log,r207.50.25,1159.748,1159.748,1963.521
test1379017.run0788.r207.75.10.log,r207.75.10,670.2458,670.2458,2463.765
test1379017.run0789.r207.75.15.log,r207.75.15,796.834,796.834,2236.9
test1379017.run0790.r207.75.20.log,r207.75.20,960.1986,960.1986,2616.521
test1379017.run0791.r207.75.25.log,r207.75.25,1142.802,1142.802,1e+30
test1379017.run0792.r208.100.10.log,r208.100.10,704.9453,704.9453,1e+30
test1379017.run0793.r208.100.15.log,r208.100.15,813.3635,813.3635,1e+30
test1379017.run0794.r208.100.20.log,r208.100.20,953.8042,953.8042,2858.112
test1379017.run0795.r208.100.25.log,r208.100.25,1112.113,1112.113,3163.365
test1379017.run0796.r208.25.3.log,r208.25.3,323.9342,323.9342,1e+30
test1379017.run0797.r208.25.5.log,r208.25.5,365.9133,365.9133,1e+30
test1379017.run0798.r208.30.10.log,r208.30.10,468.3733,468.3733,988.0943
test1379017.run0799.r208.30.15.log,r208.30.15,642.7283,642.7283,923.9828
test1379017.run0800.r208.30.20.log,r208.30.20,870.833,870.833,1e+30
test1379017.run0801.r208.30.25.log,r208.30.25,1126.873,1126.873,1e+30
test1379017.run0802.r208.30.3.log,r208.30.3,323.6282,323.6282,1e+30
test1379017.run0803.r208.30.5.log,r208.30.5,354.2074,354.2074,824.7093
test1379017.run0804.r208.40.3.log,r208.40.3,405.3876,405.3876,1e+30
test1379017.run0805.r208.40.5.log,r208.40.5,435.9668,435.9668,1e+30
test1379017.run0806.r208.50.10.log,r208.50.10,574.0704,574.0704,1477.913
test1379017.run0807.r208.50.15.log,r208.50.15,715.5027,715.5027,1758.503
test1379017.run0808.r208.50.20.log,r208.50.20,915.1034,915.1034,1939.434
test1379017.run0809.r208.50.25.log,r208.50.25,1153.008,1153.008,1865.859
test1379017.run0810.r208.75.10.log,r208.75.10,655.0764,655.0764,1919.862
test1379017.run0811.r208.75.15.log,r208.75.15,772.7864,772.7864,1e+30
test1379017.run0812.r208.75.20.log,r208.75.20,937.9198,937.9198,2496.999
test1379017.run0813.r208.75.25.log,r208.75.25,1122.292,1122.292,2504.807
test1379017.run0814.r209.100.10.log,r209.100.10,756.8072,756.8072,3003.124
test1379017.run0815.r209.100.15.log,r209.100.15,865.1468,865.1468,2842.606
test1379017.run0816.r209.100.20.log,r209.100.20,993.2864,993.2864,2849.22
test1379017.run0817.r209.100.25.log,r209.100.25,1144.623,1144.623,3275.934
test1379017.run0818.r209.25.3.log,r209.25.3,333.6381,333.6381,653.8
test1379017.run0819.r209.25.5.log,r209.25.5,380.153,380.153,742.2837
test1379017.run0820.r209.30.10.log,r209.30.10,505.6119,505.6119,1e+30
test1379017.run0821.r209.30.15.log,r209.30.15,661.9893,661.9893,1002.84
test1379017.run0822.r209.30.20.log,r209.30.20,875.0537,875.0537,1228.824
test1379017.run0823.r209.30.25.log,r209.30.25,1127.177,1127.177,1296.218
test1379017.run0824.r209.30.3.log,r209.30.3,357.6156,357.6156,1e+30
test1379017.run0825.r209.30.5.log,r209.30.5,387.8852,387.8852,735.6276
test1379017.run0826.r209.40.3.log,r209.40.3,450.8416,450.8416,1e+30
test1379017.run0827.r209.40.5.log,r209.40.5,478.2362,478.2362,1e+30
test1379017.run0828.r209.50.10.log,r209.50.10,631.8993,631.8993,1e+30
test1379017.run0829.r209.50.15.log,r209.50.15,762.3664,762.3664,1760.676
test1379017.run0830.r209.50.20.log,r209.50.20,937.6602,937.6602,1982.662
test1379017.run0831.r209.50.25.log,r209.50.25,1169.267,1169.267,1852.176
test1379017.run0832.r209.75.10.log,r209.75.10,717.2715,717.2715,1e+30
test1379017.run0833.r209.75.15.log,r209.75.15,826.068,826.068,2365.113
test1379017.run0834.r209.75.20.log,r209.75.20,965.8066,965.8066,2816.307
test1379017.run0835.r209.75.25.log,r209.75.25,1148.204,1148.204,2740.645
test1379017.run0836.r210.100.10.log,r210.100.10,754.7487,754.7487,1e+30
test1379017.run0837.r210.100.15.log,r210.100.15,865.0067,865.0067,2714.353
test1379017.run0838.r210.100.20.log,r210.100.20,1006.096,1006.096,3482.451
test1379017.run0839.r210.100.25.log,r210.100.25,1160.457,1160.457,3232.122
test1379017.run0840.r210.25.3.log,r210.25.3,333.8094,333.8094,1e+30
test1379017.run0841.r210.25.5.log,r210.25.5,381.6959,381.6959,735.9295
test1379017.run0842.r210.30.10.log,r210.30.10,497.1827,497.1827,1090.104
test1379017.run0843.r210.30.15.log,r210.30.15,669.3839,669.3839,1e+30
test1379017.run0844.r210.30.20.log,r210.30.20,874.0929,874.0929,1219.37
test1379017.run0845.r210.30.25.log,r210.30.25,1126.873,1126.873,1e+30
test1379017.run0846.r210.30.3.log,r210.30.3,338.6166,338.6166,912.8399
test1379017.run0847.r210.30.5.log,r210.30.5,371.6009,371.6009,1e+30
test1379017.run0848.r210.40.3.log,r210.40.3,425.0717,425.0717,1e+30
test1379017.run0849.r210.40.5.log,r210.40.5,455.651,455.651,1e+30
test1379017.run0850.r210.50.10.log,r210.50.10,607.2587,607.2587,1586.346
test1379017.run0851.r210.50.15.log,r210.50.15,761.6707,761.6707,1858.18
test1379017.run0852.r210.50.20.log,r210.50.20,950.2344,950.2344,1e+30
test1379017.run0853.r210.50.25.log,r210.50.25,1169.249,1169.249,1961.856
test1379017.run0854.r210.75.10.log,r210.75.10,688.3491,688.3491,1e+30
test1379017.run0855.r210.75.15.log,r210.75.15,814.7044,814.7044,2241.907
test1379017.run0856.r210.75.20.log,r210.75.20,978.1959,978.1959,2840.067
test1379017.run0857.r210.75.25.log,r210.75.25,0.0,0.0,2629.731
test1379017.run0858.r211.100.10.log,r211.100.10,704.9453,704.9453,1e+30
test1379017.run0859.r211.100.15.log,r211.100.15,813.277,813.277,1e+30
test1379017.run0860.r211.100.20.log,r211.100.20,953.8042,953.8042,3186.683
test1379017.run0861.r211.100.25.log,r211.100.25,1112.113,1112.113,3018.28
test1379017.run0862.r211.25.3.log,r211.25.3,323.9342,323.9342,606.551
test1379017.run0863.r211.25.5.log,r211.25.5,365.9133,365.9133,852.0623
test1379017.run0864.r211.30.10.log,r211.30.10,468.3733,468.3733,1e+30
test1379017.run0865.r211.30.15.log,r211.30.15,642.7283,642.7283,1167.973
test1379017.run0866.r211.30.20.log,r211.30.20,870.833,870.833,1119.855
test1379017.run0867.r211.30.25.log,r211.30.25,1126.873,1126.873,1e+30
test1379017.run0868.r211.30.3.log,r211.30.3,323.6282,323.6282,886.7117
test1379017.run0869.r211.30.5.log,r211.30.5,354.2074,354.2074,896.448
test1379017.run0870.r211.40.3.log,r211.40.3,405.3876,405.3876,1e+30
test1379017.run0871.r211.40.5.log,r211.40.5,435.9668,435.9668,1104.607
test1379017.run0872.r211.50.10.log,r211.50.10,574.0704,574.0704,1580.623
test1379017.run0873.r211.50.15.log,r211.50.15,715.5027,715.5027,1738.478
test1379017.run0874.r211.50.20.log,r211.50.20,915.1034,915.1034,2197.758
test1379017.run0875.r211.50.25.log,r211.50.25,1153.008,1153.008,2107.113
test1379017.run0876.r211.75.10.log,r211.75.10,655.0764,655.0764,1e+30
test1379017.run0877.r211.75.15.log,r211.75.15,772.7864,772.7864,2341.162
test1379017.run0878.r211.75.20.log,r211.75.20,937.9198,937.9198,2522.593
test1379017.run0879.r211.75.25.log,r211.75.25,1122.292,1122.292,2697.119
test1379017.run0880.rc101.100.10.log,rc101.100.10,1107.092,1107.092,1e+30
test1379017.run0881.rc101.100.15.log,rc101.100.15,1205.122,1205.122,1e+30
test1379017.run0882.rc101.100.20.log,rc101.100.20,1328.675,1328.675,1e+30
test1379017.run0883.rc101.100.25.log,rc101.100.25,1473.674,1473.674,1e+30
test1379017.run0884.rc101.25.3.log,rc101.25.3,328.7389,328.7389,1e+30
test1379017.run0885.rc101.25.5.log,rc101.25.5,444.1433,444.1433,1e+30
test1379017.run0886.rc101.30.10.log,rc101.30.10,819.4215,819.4215,1e+30
test1379017.run0887.rc101.30.15.log,rc101.30.15,1156.974,1156.974,1399.279
test1379017.run0888.rc101.30.20.log,rc101.30.20,1519.745,1519.745,1868.117
test1379017.run0889.rc101.30.25.log,rc101.30.25,1926.136,1926.136,1e+30
test1379017.run0890.rc101.30.3.log,rc101.30.3,1e+30,1e+30,1e+30
test1379017.run0891.rc101.30.5.log,rc101.30.5,510.38,510.38,1e+30
test1379017.run0892.rc101.40.3.log,rc101.40.3,1e+30,1e+30,1e+30
test1379017.run0893.rc101.40.5.log,rc101.40.5,557.5877,557.5877,1e+30
test1379017.run0894.rc101.50.10.log,rc101.50.10,894.4502,894.4502,1e+30
test1379017.run0895.rc101.50.15.log,rc101.50.15,1211.453,1211.453,1e+30
test1379017.run0896.rc101.50.20.log,rc101.50.20,1550.224,1550.224,1e+30
test1379017.run0897.rc101.50.25.log,rc101.50.25,1903.717,1903.717,2851.706
test1379017.run0898.rc101.75.10.log,rc101.75.10,1009.027,1009.027,1e+30
test1379017.run0899.rc101.75.15.log,rc101.75.15,1128.226,1128.226,1e+30
test1379017.run0900.rc101.75.20.log,rc101.75.20,1309.39,1309.39,1e+30
test1379017.run0901.rc101.75.25.log,rc101.75.25,1543.52,1543.52,1e+30
test1379017.run0902.rc102.100.10.log,rc102.100.10,786.4266,786.4266,1e+30
test1379017.run0903.rc102.100.15.log,rc102.100.15,911.2827,911.2827,1e+30
test1379017.run0904.rc102.100.20.log,rc102.100.20,1059.662,1059.662,1e+30
test1379017.run0905.rc102.100.25.log,rc102.100.25,1228.431,1228.431,1e+30
test1379017.run0906.rc102.25.3.log,rc102.25.3,291.6853,291.6853,1e+30
test1379017.run0907.rc102.25.5.log,rc102.25.5,414.4278,414.4278,1e+30
test1379017.run0908.rc102.30.10.log,rc102.30.10,760.7235,760.7235,1e+30
test1379017.run0909.rc102.30.15.log,rc102.30.15,1105.662,1105.662,1e+30
test1379017.run0910.rc102.30.20.log,rc102.30.20,1488.715,1488.715,2037.721
test1379017.run0911.rc102.30.25.log,rc102.30.25,1909.042,1909.042,1e+30
test1379017.run0912.rc102.30.3.log,rc102.30.3,1e+30,1e+30,1e+30
test1379017.run0913.rc102.30.5.log,rc102.30.5,436.813,436.813,1e+30
test1379017.run0914.rc102.40.3.log,rc102.40.3,1e+30,1e+30,1e+30
test1379017.run0915.rc102.40.5.log,rc102.40.5,481.3081,481.3081,1e+30
test1379017.run0916.rc102.50.10.log,rc102.50.10,820.719,820.719,1e+30
test1379017.run0917.rc102.50.15.log,rc102.50.15,1147.563,1147.563,1e+30
test1379017.run0918.rc102.50.20.log,rc102.50.20,1493.029,1493.029,1e+30
test1379017.run0919.rc102.50.25.log,rc102.50.25,1851.302,1851.302,1e+30
test1379017.run0920.rc102.75.10.log,rc102.75.10,735.6163,735.6163,1e+30
test1379017.run0921.rc102.75.15.log,rc102.75.15,917.175,917.175,1e+30
test1379017.run0922.rc102.75.20.log,rc102.75.20,1154.385,1154.385,1e+30
test1379017.run0923.rc102.75.25.log,rc102.75.25,1437.786,1437.786,1e+30
test1379017.run0924.rc103.100.10.log,rc103.100.10,706.222,706.222,1e+30
test1379017.run0925.rc103.100.15.log,rc103.100.15,831.8611,831.8611,1e+30
test1379017.run0926.rc103.100.20.log,rc103.100.20,979.3316,979.3316,1e+30
test1379017.run0927.rc103.100.25.log,rc103.100.25,1146.228,1146.228,1e+30
test1379017.run0928.rc103.25.3.log,rc103.25.3,279.9875,279.9875,1e+30
test1379017.run0929.rc103.25.5.log,rc103.25.5,405.1473,405.1473,1e+30
test1379017.run0930.rc103.30.10.log,rc103.30.10,757.2667,757.2667,1e+30
test1379017.run0931.rc103.30.15.log,rc103.30.15,1104.091,1104.091,1e+30
test1379017.run0932.rc103.30.20.log,rc103.30.20,1487.52,1487.52,1838.033
test1379017.run0933.rc103.30.25.log,rc103.30.25,1909.042,1909.042,1e+30
test1379017.run0934.rc103.30.3.log,rc103.30.3,1e+30,1e+30,1e+30
test1379017.run0935.rc103.30.5.log,rc103.30.5,427.5324,427.5324,1e+30
test1379017.run0936.rc103.40.3.log,rc103.40.3,1e+30,1e+30,1e+30
test1379017.run0937.rc103.40.5.log,rc103.40.5,467.4252,467.4252,1e+30
test1379017.run0938.rc103.50.10.log,rc103.50.10,794.8559,794.8559,1e+30
test1379017.run0939.rc103.50.15.log,rc103.50.15,1127.101,1127.101,1e+30
test1379017.run0940.rc103.50.20.log,rc103.50.20,1475.5,1475.5,1e+30
test1379017.run0941.rc103.50.25.log,rc103.50.25,1840.602,1840.602,1e+30
test1379017.run0942.rc103.75.10.log,rc103.75.10,649.8837,649.8837,1e+30
test1379017.run0943.rc103.75.15.log,rc103.75.15,849.7923,849.7923,1e+30
test1379017.run0944.rc103.75.20.log,rc103.75.20,1108.227,1108.227,1e+30
test1379017.run0945.rc103.75.25.log,rc103.75.25,1396.074,1396.074,1e+30
test1379017.run0946.rc104.100.10.log,rc104.100.10,684.2123,684.2123,1e+30
test1379017.run0947.rc104.100.15.log,rc104.100.15,810.2848,810.2848,1e+30
test1379017.run0948.rc104.100.20.log,rc104.100.20,961.4902,961.4902,1e+30
test1379017.run0949.rc104.100.25.log,rc104.100.25,1128.387,1128.387,1e+30
test1379017.run0950.rc104.25.3.log,rc104.25.3,278.1636,278.1636,1e+30
test1379017.run0951.rc104.25.5.log,rc104.25.5,404.4614,404.4614,1e+30
test1379017.run0952.rc104.30.10.log,rc104.30.10,757.2667,757.2667,1e+30
test1379017.run0953.rc104.30.15.log,rc104.30.15,1104.091,1104.091,1e+30
test1379017.run0954.rc104.30.20.log,rc104.30.20,1487.52,1487.52,1e+30
test1379017.run0955.rc104.30.25.log,rc104.30.25,1909.042,1909.042,1e+30
test1379017.run0956.rc104.30.3.log,rc104.30.3,1e+30,1e+30,1e+30
test1379017.run0957.rc104.30.5.log,rc104.30.5,426.8465,426.8465,1e+30
test1379017.run0958.rc104.40.3.log,rc104.40.3,1e+30,1e+30,1e+30
test1379017.run0959.rc104.40.5.log,rc104.40.5,458.3394,458.3394,1e+30
test1379017.run0960.rc104.50.10.log,rc104.50.10,788.4463,788.4463,1e+30
test1379017.run0961.rc104.50.15.log,rc104.50.15,1123.002,1123.002,1e+30
test1379017.run0962.rc104.50.20.log,rc104.50.20,1475.5,1475.5,1e+30
test1379017.run0963.rc104.50.25.log,rc104.50.25,1840.602,1840.602,1e+30
test1379017.run0964.rc104.75.10.log,rc104.75.10,630.2021,630.2021,1e+30
test1379017.run0965.rc104.75.15.log,rc104.75.15,830.1108,830.1108,1e+30
test1379017.run0966.rc104.75.20.log,rc104.75.20,1089.29,1089.29,1e+30
test1379017.run0967.rc104.75.25.log,rc104.75.25,1384.747,1384.747,1e+30
test1379017.run0968.rc105.100.10.log,rc105.100.10,939.8885,939.8885,1e+30
test1379017.run0969.rc105.100.15.log,rc105.100.15,1048.399,1048.399,1e+30
test1379017.run0970.rc105.100.20.log,rc105.100.20,1181.521,1181.521,1e+30
test1379017.run0971.rc105.100.25.log,rc105.100.25,1337.036,1337.036,1e+30
test1379017.run0972.rc105.25.3.log,rc105.25.3,306.2703,306.2703,1e+30
test1379017.run0973.rc105.25.5.log,rc105.25.5,424.4899,424.4899,1e+30
test1379017.run0974.rc105.30.10.log,rc105.30.10,768.7538,768.7538,1e+30
test1379017.run0975.rc105.30.15.log,rc105.30.15,1114.446,1114.446,1517.751
test1379017.run0976.rc105.30.20.log,rc105.30.20,1489.132,1489.132,1e+30
test1379017.run0977.rc105.30.25.log,rc105.30.25,1909.042,1909.042,1e+30
test1379017.run0978.rc105.30.3.log,rc105.30.3,1e+30,1e+30,1e+30
test1379017.run0979.rc105.30.5.log,rc105.30.5,446.875,446.875,1e+30
test1379017.run0980.rc105.40.3.log,rc105.40.3,1e+30,1e+30,1e+30
test1379017.run0981.rc105.40.5.log,rc105.40.5,497.0467,497.0467,1e+30
test1379017.run0982.rc105.50.10.log,rc105.50.10,831.3641,831.3641,1e+30
test1379017.run0983.rc105.50.15.log,rc105.50.15,1160.553,1160.553,1e+30
test1379017.run0984.rc105.50.20.log,rc105.50.20,1506.214,1506.214,1e+30
test1379017.run0985.rc105.50.25.log,rc105.50.25,1865.295,1865.295,2140.523
test1379017.run0986.rc105.75.10.log,rc105.75.10,809.8089,809.8089,1e+30
test1379017.run0987.rc105.75.15.log,rc105.75.15,973.0485,973.0485,1e+30
test1379017.run0988.rc105.75.20.log,rc105.75.20,1194.451,1194.451,1e+30
test1379017.run0989.rc105.75.25.log,rc105.75.25,1465.544,1465.544,1e+30
test1379017.run0990.rc106.100.10.log,rc106.100.10,794.1846,794.1846,1e+30
test1379017.run0991.rc106.100.15.log,rc106.100.15,915.7803,915.7803,1e+30
test1379017.run0992.rc106.100.20.log,rc106.100.20,1063.032,1063.032,1e+30
test1379017.run0993.rc106.100.25.log,rc106.100.25,1228.515,1228.515,1e+30
test1379017.run0994.rc106.25.3.log,rc106.25.3,298.1602,298.1602,1e+30
test1379017.run0995.rc106.25.5.log,rc106.25.5,421.129,421.129,1e+30
test1379017.run0996.rc106.30.10.log,rc106.30.10,770.3876,770.3876,1e+30
test1379017.run0997.rc106.30.15.log,rc106.30.15,1115.544,1115.544,1e+30
test1379017.run0998.rc106.30.20.log,rc106.30.20,1489.132,1489.132,1e+30
test1379017.run0999.rc106.30.25.log,rc106.30.25,1909.042,1909.042,1e+30
test1379017.run1000.rc106.30.3.log,rc106.30.3,1e+30,1e+30,1e+30
test1379017.run1001.rc106.30.5.log,rc106.30.5,443.5141,443.5141,1e+30
test1379017.run1002.rc106.40.3.log,rc106.40.3,1e+30,1e+30,1e+30
test1379017.run1003.rc106.40.5.log,rc106.40.5,480.1667,480.1667,1e+30
test1379017.run1004.rc106.50.10.log,rc106.50.10,815.9376,815.9376,1e+30
test1379017.run1005.rc106.50.15.log,rc106.50.15,1150.912,1150.912,1e+30
test1379017.run1006.rc106.50.20.log,rc106.50.20,1499.44,1499.44,1886.749
test1379017.run1007.rc106.50.25.log,rc106.50.25,1862.734,1862.734,1e+30
test1379017.run1008.rc106.75.10.log,rc106.75.10,709.815,709.815,1e+30
test1379017.run1009.rc106.75.15.log,rc106.75.15,886.0559,886.0559,1e+30
test1379017.run1010.rc106.75.20.log,rc106.75.20,1129.59,1129.59,1e+30
test1379017.run1011.rc106.75.25.log,rc106.75.25,1424.939,1424.939,1e+30
test1379017.run1012.rc107.100.10.log,rc107.100.10,696.1559,696.1559,1e+30
test1379017.run1013.rc107.100.15.log,rc107.100.15,823.1919,823.1919,1e+30
test1379017.run1014.rc107.100.20.log,rc107.100.20,969.4559,969.4559,1e+30
test1379017.run1015.rc107.100.25.log,rc107.100.25,1139.803,1139.803,1e+30
test1379017.run1016.rc107.25.3.log,rc107.25.3,272.3074,272.3074,1e+30
test1379017.run1017.rc107.25.5.log,rc107.25.5,401.1133,401.1133,1e+30
test1379017.run1018.rc107.30.10.log,rc107.30.10,756.5665,756.5665,1e+30
test1379017.run1019.rc107.30.15.log,rc107.30.15,1104.091,1104.091,1e+30
test1379017.run1020.rc107.30.20.log,rc107.30.20,1483.52,1483.52,1936.068
test1379017.run1021.rc107.30.25.log,rc107.30.25,1909.042,1909.042,1e+30
test1379017.run1022.rc107.30.3.log,rc107.30.3,1e+30,1e+30,1e+30
test1379017.run1023.rc107.30.5.log,rc107.30.5,423.4985,423.4985,1e+30
test1379017.run1024.rc107.40.3.log,rc107.40.3,1e+30,1e+30,1e+30
test1379017.run1025.rc107.40.5.log,rc107.40.5,458.9913,458.9913,1e+30
test1379017.run1026.rc107.50.10.log,rc107.50.10,795.9406,795.9406,1e+30
test1379017.run1027.rc107.50.15.log,rc107.50.15,1131.002,1131.002,1e+30
test1379017.run1028.rc107.50.20.log,rc107.50.20,1483.5,1483.5,1e+30
test1379017.run1029.rc107.50.25.log,rc107.50.25,1848.602,1848.602,1e+30
test1379017.run1030.rc107.75.10.log,rc107.75.10,647.263,647.263,1e+30
test1379017.run1031.rc107.75.15.log,rc107.75.15,833.9428,833.9428,1e+30
test1379017.run1032.rc107.75.20.log,rc107.75.20,1080.621,1080.621,1e+30
test1379017.run1033.rc107.75.25.log,rc107.75.25,1383.946,1383.946,1e+30
test1379017.run1034.rc108.100.10.log,rc108.100.10,678.756,678.756,1e+30
test1379017.run1035.rc108.100.15.log,rc108.100.15,804.8286,804.8286,1e+30
test1379017.run1036.rc108.100.20.log,rc108.100.20,956.0339,956.0339,1e+30
test1379017.run1037.rc108.100.25.log,rc108.100.25,1122.931,1122.931,1e+30
test1379017.run1038.rc108.25.3.log,rc108.25.3,271.5371,271.5371,1e+30
test1379017.run1039.rc108.25.5.log,rc108.25.5,400.343,400.343,1e+30
test1379017.run1040.rc108.30.10.log,rc108.30.10,756.5665,756.5665,1e+30
test1379017.run1041.rc108.30.15.log,rc108.30.15,1104.091,1104.091,1e+30
test1379017.run1042.rc108.30.20.log,rc108.30.20,1483.52,1483.52,1960.822
test1379017.run1043.rc108.30.25.log,rc108.30.25,1909.042,1909.042,1e+30
test1379017.run1044.rc108.30.3.log,rc108.30.3,1e+30,1e+30,1e+30
test1379017.run1045.rc108.30.5.log,rc108.30.5,422.7282,422.7282,1e+30
test1379017.run1046.rc108.40.3.log,rc108.40.3,1e+30,1e+30,1e+30
test1379017.run1047.rc108.40.5.log,rc108.40.5,454.221,454.221,1e+30
test1379017.run1048.rc108.50.10.log,rc108.50.10,787.9406,787.9406,1e+30
test1379017.run1049.rc108.50.15.log,rc108.50.15,1123.002,1123.002,1e+30
test1379017.run1050.rc108.50.20.log,rc108.50.20,1475.5,1475.5,1e+30
test1379017.run1051.rc108.50.25.log,rc108.50.25,1840.602,1840.602,1e+30
test1379017.run1052.rc108.75.10.log,rc108.75.10,613.6449,613.6449,1e+30
test1379017.run1053.rc108.75.15.log,rc108.75.15,815.4794,815.4794,1e+30
test1379017.run1054.rc108.75.20.log,rc108.75.20,1072.621,1072.621,1e+30
test1379017.run1055.rc108.75.25.log,rc108.75.25,1375.946,1375.946,1e+30
test1379017.run1056.rc201.100.10.log,rc201.100.10,1028.622,1028.622,1e+30
test1379017.run1057.rc201.100.15.log,rc201.100.15,1137.877,1137.877,4683.4
test1379017.run1058.rc201.100.20.log,rc201.100.20,1268.925,1268.925,1e+30
test1379017.run1059.rc201.100.25.log,rc201.100.25,1418.121,1418.121,1e+30
test1379017.run1060.rc201.25.3.log,rc201.25.3,326.1729,326.1729,1e+30
test1379017.run1061.rc201.25.5.log,rc201.25.5,445.7842,445.7842,1e+30
test1379017.run1062.rc201.30.10.log,rc201.30.10,821.4348,821.4348,1e+30
test1379017.run1063.rc201.30.15.log,rc201.30.15,1157.461,1157.461,2050.106
test1379017.run1064.rc201.30.20.log,rc201.30.20,1519.745,1519.745,1832.675
test1379017.run1065.rc201.30.25.log,rc201.30.25,1926.136,1926.136,1e+30
test1379017.run1066.rc201.30.3.log,rc201.30.3,1e+30,1e+30,1e+30
test1379017.run1067.rc201.30.5.log,rc201.30.5,512.3933,512.3933,1e+30
test1379017.run1068.rc201.40.3.log,rc201.40.3,1e+30,1e+30,1e+30
test1379017.run1069.rc201.40.5.log,rc201.40.5,534.7375,534.7375,1e+30
test1379017.run1070.rc201.50.10.log,rc201.50.10,861.7597,861.7597,2908.382
test1379017.run1071.rc201.50.15.log,rc201.50.15,1186.59,1186.59,1e+30
test1379017.run1072.rc201.50.20.log,rc201.50.20,1530.531,1530.531,1e+30
test1379017.run1073.rc201.50.25.log,rc201.50.25,1889.519,1889.519,1e+30
test1379017.run1074.rc201.75.10.log,rc201.75.10,918.474,918.474,1e+30
test1379017.run1075.rc201.75.15.log,rc201.75.15,1067.273,1067.273,1e+30
test1379017.run1076.rc201.75.20.log,rc201.75.20,1270.795,1270.795,1e+30
test1379017.run1077.rc201.75.25.log,rc201.75.25,1512.402,1512.402,3987.043
test1379017.run1078.rc202.100.10.log,rc202.100.10,782.5593,782.5593,1e+30
test1379017.run1079.rc202.100.15.log,rc202.100.15,907.4154,907.4154,1e+30
test1379017.run1080.rc202.100.20.log,rc202.100.20,1058.313,1058.313,4416.556
test1379017.run1081.rc202.100.25.log,rc202.100.25,1225.74,1225.74,4873.129
test1379017.run1082.rc202.25.3.log,rc202.25.3,291.6853,291.6853,1e+30
test1379017.run1083.rc202.25.5.log,rc202.25.5,414.4278,414.4278,1257.135
test1379017.run1084.rc202.30.10.log,rc202.30.10,760.7235,760.7235,1865.628
test1379017.run1085.rc202.30.15.log,rc202.30.15,1105.662,1105.662,2018.295
test1379017.run1086.rc202.30.20.log,rc202.30.20,1488.715,1488.715,1e+30
test1379017.run1087.rc202.30.25.log,rc202.30.25,1909.042,1909.042,1e+30
test1379017.run1088.rc202.30.3.log,rc202.30.3,1e+30,1e+30,1e+30
test1379017.run1089.rc202.30.5.log,rc202.30.5,436.813,436.813,1e+30
test1379017.run1090.rc202.40.3.log,rc202.40.3,1e+30,1e+30,1e+30
test1379017.run1091.rc202.40.5.log,rc202.40.5,481.3081,481.3081,1e+30
test1379017.run1092.rc202.50.10.log,rc202.50.10,820.4486,820.4486,2431.596
test1379017.run1093.rc202.50.15.log,rc202.50.15,1147.563,1147.563,1e+30
test1379017.run1094.rc202.50.20.log,rc202.50.20,1493.029,1493.029,3066.642
test1379017.run1095.rc202.50.25.log,rc202.50.25,1851.302,1851.302,3361.284
test1379017.run1096.rc202.75.10.log,rc202.75.10,709.2329,709.2329,3435.785
test1379017.run1097.rc202.75.15.log,rc202.75.15,901.1164,901.1164,3472.932
test1379017.run1098.rc202.75.20.log,rc202.75.20,1143.172,1143.172,3634.413
test1379017.run1099.rc202.75.25.log,rc202.75.25,1427.475,1427.475,3805.687
test1379017.run1100.rc203.100.10.log,rc203.100.10,705.8631,705.8631,4116.236
test1379017.run1101.rc203.100.15.log,rc203.100.15,830.512,830.512,3415.699
test1379017.run1102.rc203.100.20.log,rc203.100.20,0.0,0.0,4182.026
test1379017.run1103.rc203.100.25.log,rc203.100.25,1146.228,1146.228,5252.45
test1379017.run1104.rc203.25.3.log,rc203.25.3,279.9875,279.9875,1e+30
test1379017.run1105.rc203.25.5.log,rc203.25.5,405.1473,405.1473,1214.31
test1379017.run1106.rc203.30.10.log,rc203.30.10,757.2667,757.2667,1646.79
test1379017.run1107.rc203.30.15.log,rc203.30.15,1104.091,1104.091,1692.373
test1379017.run1108.rc203.30.20.log,rc203.30.20,1487.52,1487.52,1e+30
test1379017.run1109.rc203.30.25.log,rc203.30.25,1909.042,1909.042,1e+30
test1379017.run1110.rc203.30.3.log,rc203.30.3,1e+30,1e+30,1e+30
test1379017.run1111.rc203.30.5.log,rc203.30.5,427.5324,427.5324,1201.379
test1379017.run1112.rc203.40.3.log,rc203.40.3,1e+30,1e+30,1e+30
test1379017.run1113.rc203.40.5.log,rc203.40.5,467.4252,467.4252,1473.343
test1379017.run1114.rc203.50.10.log,rc203.50.10,794.8559,794.8559,2336.19
test1379017.run1115.rc203.50.15.log,rc203.50.15,1127.101,1127.101,2568.648
test1379017.run1116.rc203.50.20.log,rc203.50.20,1475.5,1475.5,2884.548
test1379017.run1117.rc203.50.25.log,rc203.50.25,1840.602,1840.602,3043.891
test1379017.run1118.rc203.75.10.log,rc203.75.10,637.4335,637.4335,2808.751
test1379017.run1119.rc203.75.15.log,rc203.75.15,839.268,839.268,1e+30
test1379017.run1120.rc203.75.20.log,rc203.75.20,1097.014,1097.014,3407.009
test1379017.run1121.rc203.75.25.log,rc203.75.25,1390.649,1390.649,3650.02
test1379017.run1122.rc204.100.10.log,rc204.100.10,684.2123,684.2123,1e+30
test1379017.run1123.rc204.100.15.log,rc204.100.15,810.2848,810.2848,3328.807
test1379017.run1124.rc204.100.20.log,rc204.100.20,961.4902,961.4902,4449.927
test1379017.run1125.rc204.100.25.log,rc204.100.25,1128.387,1128.387,4029.42
test1379017.run1126.rc204.25.3.log,rc204.25.3,278.1636,278.1636,821.9097
test1379017.run1127.rc204.25.5.log,rc204.25.5,404.4614,404.4614,950.0094
test1379017.run1128.rc204.30.10.log,rc204.30.10,757.2667,757.2667,1750.842
test1379017.run1129.rc204.30.15.log,rc204.30.15,1104.091,1104.091,1703.794
test1379017.run1130.rc204.30.20.log,rc204.30.20,1487.52,1487.52,1e+30
test1379017.run1131.rc204.30.25.log,rc204.30.25,1909.042,1909.042,2288.336
test1379017.run1132.rc204.30.3.log,rc204.30.3,1e+30,1e+30,1e+30
test1379017.run1133.rc204.30.5.log,rc204.30.5,426.8465,426.8465,1289.88
test1379017.run1134.rc204.40.3.log,rc204.40.3,1e+30,1e+30,1e+30
test1379017.run1135.rc204.40.5.log,rc204.40.5,458.3394,458.3394,1438.589
test1379017.run1136.rc204.50.10.log,rc204.50.10,788.4463,788.4463,2408.29
test1379017.run1137.rc204.50.15.log,rc204.50.15,1123.002,1123.002,2687.683
test1379017.run1138.rc204.50.20.log,rc204.50.20,1475.5,1475.5,3175.502
test1379017.run1139.rc204.50.25.log,rc204.50.25,1840.602,1840.602,3463.429
test1379017.run1140.rc204.75.10.log,rc204.75.10,619.1011,619.1011,2989.008
test1379017.run1141.rc204.75.15.log,rc204.75.15,820.9356,820.9356,3145.642
test1379017.run1142.rc204.75.20.log,rc204.75.20,1078.077,1078.077,3214.556
test1379017.run1143.rc204.75.25.log,rc204.75.25,1379.417,1379.417,3555.481
test1379017.run1144.rc205.100.10.log,rc205.100.10,877.384,877.384,1e+30
test1379017.run1145.rc205.100.15.log,rc205.100.15,996.1928,996.1928,4085.386
test1379017.run1146.rc205.100.20.log,rc205.100.20,1139.759,1139.759,4180.606
test1379017.run1147.rc205.100.25.log,rc205.100.25,1306.984,1306.984,4421.236
test1379017.run1148.rc205.25.3.log,rc205.25.3,303.9163,303.9163,1e+30
test1379017.run1149.rc205.25.5.log,rc205.25.5,423.9,423.9,1123.784
test1379017.run1150.rc205.30.10.log,rc205.30.10,770.8497,770.8497,1586.802
test1379017.run1151.rc205.30.15.log,rc205.30.15,1117.131,1117.131,2150.287
test1379017.run1152.rc205.30.20.log,rc205.30.20,1491.818,1491.818,1956.435
test1379017.run1153.rc205.30.25.log,rc205.30.25,1911.728,1911.728,1e+30
test1379017.run1154.rc205.30.3.log,rc205.30.3,1e+30,1e+30,1e+30
test1379017.run1155.rc205.30.5.log,rc205.30.5,448.971,448.971,1489.44
test1379017.run1156.rc205.40.3.log,rc205.40.3,1e+30,1e+30,1e+30
test1379017.run1157.rc205.40.5.log,rc205.40.5,502.582,502.582,1e+30
test1379017.run1158.rc205.50.10.log,rc205.50.10,836.0672,836.0672,2626.322
test1379017.run1159.rc205.50.15.log,rc205.50.15,1165.458,1165.458,2683.226
test1379017.run1160.rc205.50.20.log,rc205.50.20,1509.012,1509.012,3224.65
test1379017.run1161.rc205.50.25.log,rc205.50.25,1868.573,1868.573,3122.695
test1379017.run1162.rc205.75.10.log,rc205.75.10,776.2925,776.2925,3277.948
test1379017.run1163.rc205.75.15.log,rc205.75.15,960.4166,960.4166,1e+30
test1379017.run1164.rc205.75.20.log,rc205.75.20,1190.347,1190.347,3986.718
test1379017.run1165.rc205.75.25.log,rc205.75.25,1463.508,1463.508,3598.806
test1379017.run1166.rc206.100.10.log,rc206.100.10,838.4484,838.4484,4240.842
test1379017.run1167.rc206.100.15.log,rc206.100.15,965.4865,965.4865,4048.23
test1379017.run1168.rc206.100.20.log,rc206.100.20,1109.891,1109.891,4152.331
test1379017.run1169.rc206.100.25.log,rc206.100.25,1274.844,1274.844,4583.003
test1379017.run1170.rc206.25.3.log,rc206.25.3,303.1698,303.1698,1009.2
test1379017.run1171.rc206.25.5.log,rc206.25.5,426.1386,426.1386,1026.064
test1379017.run1172.rc206.30.10.log,rc206.30.10,811.201,811.201,1651.681
test1379017.run1173.rc206.30.15.log,rc206.30.15,1152.974,1152.974,1e+30
test1379017.run1174.rc206.30.20.log,rc206.30.20,1515.745,1515.745,1e+30
test1379017.run1175.rc206.30.25.log,rc206.30.25,1926.136,1926.136,1e+30
test1379017.run1176.rc206.30.3.log,rc206.30.3,1e+30,1e+30,1e+30
test1379017.run1177.rc206.30.5.log,rc206.30.5,491.9801,491.9801,1454.708
test1379017.run1178.rc206.40.3.log,rc206.40.3,1e+30,1e+30,1e+30
test1379017.run1179.rc206.40.5.log,rc206.40.5,504.6952,504.6952,1e+30
test1379017.run1180.rc206.50.10.log,rc206.50.10,835.3457,835.3457,1e+30
test1379017.run1181.rc206.50.15.log,rc206.50.15,1169.145,1169.145,1e+30
test1379017.run1182.rc206.50.20.log,rc206.50.20,1515.311,1515.311,3198.156
test1379017.run1183.rc206.50.25.log,rc206.50.25,1880.737,1880.737,3580.492
test1379017.run1184.rc206.75.10.log,rc206.75.10,723.8679,723.8679,3281.833
test1379017.run1185.rc206.75.15.log,rc206.75.15,919.6693,919.6693,3314.066
test1379017.run1186.rc206.75.20.log,rc206.75.20,1158.938,1158.938,1e+30
test1379017.run1187.rc206.75.25.log,rc206.75.25,1447.105,1447.105,3729.265
test1379017.run1188.rc207.100.10.log,rc207.100.10,734.5102,734.5102,4004.995
test1379017.run1189.rc207.100.15.log,rc207.100.15,861.5462,861.5462,3893.23
test1379017.run1190.rc207.100.20.log,rc207.100.20,1007.81,1007.81,1e+30
test1379017.run1191.rc207.100.25.log,rc207.100.25,1178.157,1178.157,4257.988
test1379017.run1192.rc207.25.3.log,rc207.25.3,276.4496,276.4496,1e+30
test1379017.run1193.rc207.25.5.log,rc207.25.5,405.2555,405.2555,1078.508
test1379017.run1194.rc207.30.10.log,rc207.30.10,759.7149,759.7149,1563.902
test1379017.run1195.rc207.30.15.log,rc207.30.15,1107.269,1107.269,1461.249
test1379017.run1196.rc207.30.20.log,rc207.30.20,1483.52,1483.52,2217.561
test1379017.run1197.rc207.30.25.log,rc207.30.25,1909.042,1909.042,1e+30
test1379017.run1198.rc207.30.3.log,rc207.30.3,1e+30,1e+30,1e+30
test1379017.run1199.rc207.30.5.log,rc207.30.5,427.6406,427.6406,1403.106
test1379017.run1200.rc207.40.3.log,rc207.40.3,1e+30,1e+30,1e+30
test1379017.run1201.rc207.40.5.log,rc207.40.5,464.2932,464.2932,1e+30
test1379017.run1202.rc207.50.10.log,rc207.50.10,809.1746,809.1746,2545.51
test1379017.run1203.rc207.50.15.log,rc207.50.15,1144.765,1144.765,1e+30
test1379017.run1204.rc207.50.20.log,rc207.50.20,1494.839,1494.839,3078.391
test1379017.run1205.rc207.50.25.log,rc207.50.25,1856.524,1856.524,3401.332
test1379017.run1206.rc207.75.10.log,rc207.75.10,672.8515,672.8515,1e+30
test1379017.run1207.rc207.75.15.log,rc207.75.15,854.7309,854.7309,3181.392
test1379017.run1208.rc207.75.20.log,rc207.75.20,1106.105,1106.105,3459.515
test1379017.run1209.rc207.75.25.log,rc207.75.25,1404.576,1404.576,3567.118
test1379017.run1210.rc208.100.10.log,rc208.100.10,678.756,678.756,1e+30
test1379017.run1211.rc208.100.15.log,rc208.100.15,804.8286,804.8286,1e+30
test1379017.run1212.rc208.100.20.log,rc208.100.20,956.0339,956.0339,3481.426
test1379017.run1213.rc208.100.25.log,rc208.100.25,1122.931,1122.931,4359.158
test1379017.run1214.rc208.25.3.log,rc208.25.3,271.5371,271.5371,1e+30
test1379017.run1215.rc208.25.5.log,rc208.25.5,400.343,400.343,785.6417
test1379017.run1216.rc208.30.10.log,rc208.30.10,756.5665,756.5665,1306.283
test1379017.run1217.rc208.30.15.log,rc208.30.15,1104.091,1104.091,2065.851
test1379017.run1218.rc208.30.20.log,rc208.30.20,1483.52,1483.52,1842.818
test1379017.run1219.rc208.30.25.log,rc208.30.25,1909.042,1909.042,2314.037
test1379017.run1220.rc208.30.3.log,rc208.30.3,1e+30,1e+30,1e+30
test1379017.run1221.rc208.30.5.log,rc208.30.5,422.7282,422.7282,1e+30
test1379017.run1222.rc208.40.3.log,rc208.40.3,1e+30,1e+30,1e+30
test1379017.run1223.rc208.40.5.log,rc208.40.5,454.221,454.221,1e+30
test1379017.run1224.rc208.50.10.log,rc208.50.10,787.9406,787.9406,2144.564
test1379017.run1225.rc208.50.15.log,rc208.50.15,1123.002,1123.002,1e+30
test1379017.run1226.rc208.50.20.log,rc208.50.20,1475.5,1475.5,2694.006
test1379017.run1227.rc208.50.25.log,rc208.50.25,0.0,0.0,2690.561
test1379017.run1228.rc208.75.10.log,rc208.75.10,613.6449,613.6449,1e+30
test1379017.run1229.rc208.75.15.log,rc208.75.15,815.4794,815.4794,2971.892
test1379017.run1230.rc208.75.20.log,rc208.75.20,1072.621,1072.621,3180.725
test1379017.run1231.rc208.75.25.log,rc208.75.25,1375.946,1375.946,3463.893
